祥;xiáng;TƯỜNG;"lành; cát lợi; tốt lành";""
灿;càn;XÁN;"xán lạn; rực rỡ; chói mắt";""
痕;hén;NGÂN;"vết; vết tích; ngấn";""
略;lüè;LƯỢC;"kế sách; mưu lược; Bản tóm tắt";""
敬;jìng;KÍNH;"tôn kính; kính trọng; chuyên chú";""
苑;yuàn;UYỂN;"vườn; vườn thú; vườn ngự uyển (của vua chúa)";""
迅速;xùnsù;TẤN TỐC;"cấp tốc; nhanh chóng; tật tốc; lanh; phăm phắp; lẹ làng; phắt phắt; phăn phắt";""
壶;hú;HỒ;"ấm; bình; hũ";""
暮;mù;MỘ;"buổi chiều tối";""
棒;bàng;BỔNG;"gậy; thỏi; khoẻ";""
宽;kuān;KHOAN;"rộng rãi";""
稍;shāo;SAO;"hơi; sơ qua";""
抬;tái;ĐÀI;"bế; giơ lên; đưa lên";""
轴;zhóu;TRỤC;"cái trục; trục (xe, bánh xe); trục (máy móc)";""
甩;shuǎi;SÚY;"vung; vẫy; phất";""
仔;zǎi;TỂ;"chàng trai; thằng nhóc; nam thanh niên (từ địa phương chỉ chàng trai còn trẻ); con trai; con; nhỏ; non (động vật)";""
摊;tān;THAN;"mở ra; bày ra; trải ra; chia; phân bổ; phân chia; tráng (trứng, bánh); rơi vào; gặp phải (thường chỉ việc không vừa ý)";""
牢;láo;LAO;"chuồng";""
残;cán;TÀN;"thiếu; khiếm khuyết; tàn; phế";""
概;gài;KHÁI;"chung; cốt; đại thể; tổng thể; toàn thể; thần sắc; khí khái; khí phách; cảnh; cảnh tượng";""
哑;yǎ;Á;"câm; khàn; khản giọng";""
诸;zhū;CHƯ.GIA;"nhiều; đông";""
眶;kuàng;KHUÔNG;"tròng; tròng mắt; hố mắt; hốc mắt";""
执;zhí;CHẤP;"cầm, giữ; thi hành, thực hiện";""
伏;fú;PHỤC;"dựa; nằm; nép; tép; khom; phủ phục; hạ; giảm; xuống; xuống thấp; nấp; phục; ẩn náu; chịu; nhận; khuất phục; cúi đầu thừa nhận; úp mặt; úp sấp; nằm sấp; hàng phục; chinh phục; làm khuất phục";""
席;xí;TỊCH;"chiếu; cái chiếu; ghế ngồi; chỗ ngồi; ghế đại biểu (hội nghị); bàn tiệc; cỗ; tiệc; họ Tịch";""
疆;jiāng;CƯƠNG;"biên giới; biên cương; biên thuỳ; ranh giới; giới hạn; Tân Cương";""
凌;líng;LĂNG;"xâm phạm; xúc phạm; bắt nạt; hiếp đáp; lấn; gần; sát; lên cao; lên không trung";""
谓;wèi;VỊ;"nói; bảo; xưng hô; gọi là";""
怪;guài;QUÁI;"kỳ quái; quái dị; quái đản; quái lạ; ngạc nhiên (thắc mắc về cái gì đó)";""
丑;chǒu;SỬU;"xấu, xấu xí; dễ ghét, xấu xa, đáng khinh";""
幻;huàn;HUYỄN;"biến hoá kỳ ảo; biến hoá khôn lường";""
减;jiǎn;GIẢM;"giảm; trừ; vơi; giảm bớt; kém";""
飘;piāo;PHIÊU;"tung bay; lung lay; phất phơ; thoảng đưa; lay động (theo chiều gió)";""
莺;yīng;OANH;"chim oanh";""
寂;jì;TỊCH;"yên lặng; yên tĩnh; vắng vẻ; buồn tẻ; cô đơn; cô quạnh; tịch";""
悔;huǐ;HỐI.HỔI;"hối hận; ân hận; ăn năn";""
淹;yān;YÊM;"chìm; ngập; nhớp nháp; dính dính; ướt ướt; rịn; dính ướt";""
瞬;shùn;THUẤN;"nháy mắt; chớp mắt";""
熄;xī;TỨC;"tắt";""
阵;zhèn;TRẬN;"trận (từ dùng trong chiến thuật, chỉ hàng lối hoặc phương thức bố trí quân lính tác chiến); trận địa; mặt trận; họ Trận";""
摔;shuāi;SUẤT;"ngã; té (cơ thể); rơi; rơi vỡ; ném; đập; đánh";""
稳;wěn;ỔN;"vững; ổn định; vững vàng; vững chắc (không lung lay, không thay đổi); thận trọng; cẩn trọng; ổn định; bình tĩnh; chắc; ổn thỏa; chắc chắn; thích đáng; đáng tin cậy; yên bình; ổn định";""
侃;kǎn;KHẢN;"cương trực; ngay thẳng; hòa nhã; vui vẻ";""
距;jù;CỰ;"cự ly; khoảng cách; cựa gà; cựa";""
顿;dùn;ĐỐN;"ngừng; tạm ngừng; dừng lại; nhấn (cách viết chữ Hán); cúi đầu; xử lý; sắp xếp; chỉnh đốn; sửa sang; giậm chân; đóng quân; nghỉ lại";"chỉnh đốn"
淋;lín;LÂM;"xối; giội; dầm (mưa); đổ vào; cho vào; tưới vào";""
淡;dàn;ĐẠM;"nhạt; lạt (mùi vị); nhạt; lợt (màu sắc); lãnh đạm; lạnh nhạt; không nhiệt tình; nhạt; hờ hững; thờ ơ; nhạt; loãng; mỏng; thưa; ế; ế ẩm (kinh doanh); nhạt nhẽo; vô vị; vặt vãnh";""
丢;diū;ĐÂU;"mất; thất lạc; ném; vứt; quăng; bỏ; gác lại; không tiến hành nữa; bỏ quên";""
繁;pó, fán;PHỒN;"nhiều, đông; sinh, đẻ";""
刮;guā;QUÁT;"cạo; gọt; róc; nạo vét; tẩy; nạo; bôi; phết; dán; quết; vơ vét (của cải); thổi; nổi (gió); trách mắng; răn dạy";""
吏;lì;LẠI;"lại (chức vụ không có phẩm cấp thời phong kiến); quan lại; họ Lại";""
娱;yú;NGU;"tiêu khiển; làm cho vui vẻ";""
社;shè;XÃ;"tổ chức; xã hội; cộng đồng; câu lạc bộ; cơ quan báo chí; nhà xuất bản; nhà sản xuất; xã; xã nhân dân; thần đất; thổ thần";""
阻;zǔ;TRỞ;"chặn; trở ngại; ngăn trở; cản trở";""
滞;zhì;TRỆ;"đình trệ; ngưng đọng; ứ đọng; không thông; kẹt lại";""
块;kuài;KHỐI;"viên; bánh; đống; khối; tấm; mảnh; miếng; chiếc; tờ; đồng (tiền đồng hoặc tiền giấy)";""
领;lǐng;LĨNH;"cổ áo; lĩnh, nhận";""
秦;Qín;TẦN;"nước Tần (thời nhà Chu, Trung Quốc); triều đại nhà Tần (221-206 trước công nguyên); Tần (tên gọi khác của tỉnh Thiểm Tây, Cam Túc); họ Tần";""
畅;chàng;SƯỚNG;"sướng, thích";""
闺;guī;KHUÊ;"cửa vòng cung; cửa hình vòm; khuê phòng; khuê (phòng ở của con gái thời xưa)";""
屠;tú;ĐỒ;"giết; mổ (gia súc); tàn sát; giết hại; giết hàng loạt";""
式;shì;THỨC;"kiểu; cách thức; định dạng; lễ; nghi thức; dạng; thể (ngữ pháp)";""
绝;jué;TUYỆT;"hết đường; tắc đường; đường cùng; vô song; tuyệt vời";"截 tiệt"
纲;gāng;CƯƠNG;"giềng lưới; giềng mối, cương (cơ sở chính yếu); bộ phận chủ yếu; cương (dùng trong văn kiện và ngôn luận); lớp (sinh vật); đoàn; đội (vận chuyển hàng hoá thời xưa)";""
免;miǎn;MIỄN;"bỏ, miễn, khỏi";""
戚;qī;THÍCH;"thương, xót; thân thích";""
审;shěn;THẨM;"xem xét; xét duyệt; kiểm tra; thẩm tra; thẩm; xét hỏi; thẩm vấn; biết rõ";""
吵;chǎo;SẢO;"cãi nhau; tranh cãi; làm ầm lên; cãi lộn ầm ĩ";""
扣;kòu;KHẤU;"khâu; cài; móc; gài; úp; đậy; chụp; giam; giữ; khấu trừ; trừ; đập; nhấn; kéo; đổ tội; gán danh; gán tội";""
至;zhì;CHÍ;"đến; tới";""
珠;zhū;CHÂU;"châu, ngọc trai";""
含;hán;HÀM;"ngậm; chứa; có; ngầm; kín đáo; thầm; trong lòng";""
匾;biǎn;BIỂN;"tấm biển; bức hoành; băng vải; cái mành tre";""
枉;wǎng;UỔNG;"tà, cong; oan uổng; uổng phí";""
捕;bǔ;BỔ;"bắt; đánh; vồ; tóm";""
亮;liàng;LƯỢNG;"sáng; bóng; vang; vang dội; kêu vang; rõ; rộng mở; cởi mở; sáng rõ; sáng suốt (tấm lòng, tư tưởng)";""
逛;guàng;CUỐNG;"đi dạo; dạo chơi; đi chơi; đi ngao du; mua; mua sắm";""
墅;shù;THỰ;"biệt thự; nhà tranh";""
透;tòu;THẤU;"thẩm thấu; thấu qua; xuyên qua; suốt qua; lọt qua; để lộ; tiết lộ; báo ngầm; lộ ra; hiện ra; hiển lộ";""
憎;zēng;TĂNG;"ghét; hận; căm ghét; ghét cay ghét đắng";""
耗;hào;HAO;"tiêu hao; hao; tốn; tốn kém; phí; hao tổn; cạn; kéo dài; lề mề";""
寃;yuān;OAN;"oan, uất ức do bị xử oan hoặc chịu thiệt không công bằng; chỉ trạng thái bị kết oan hoặc bị đối xử bất công";""
邪;xié;TÀ;"không đàng hoàng; không chính đáng";""
符;fú;PHÙ;"phù tiết (thẻ tre để làm tin); dấu; ký hiệu; dấu hiệu; bùa; bùa chú; lá bùa; họ Phù";""
侵;qīn;XÂM;"xâm nhập";""
奏;zòu;TẤU;"diễn tấu; tấu; biểu diễn; xảy ra; đạt được; lập nên; làm nên; tâu; tấu (vua)";""
逊;xùn;TỐN;"kém; không thể so sánh; so sánh không được; nhường ngôi";""
丧;sàng;TÁNG;"mất; mất đi";""
摄;shè;NHIẾP;"lấy; hút; hít; hấp thụ; nhiếp ảnh; chụp ảnh; bảo dưỡng; điều dưỡng; chăm sóc; thay quyền; thay thế";""
塞;sāi;TÁI.TẮC;"lấp; nhồi; nhét; bịt; vặn; vượt; vượt qua; vượt trội (dùng để so sánh)";""
婆;pó;BÀ;"bà già; bà cụ (chỉ người đàn bà lớn tuổi); bà; mụ (chỉ người đàn bà trong một nghề gì); mẹ chồng; bà; cụ (người thân)";""
露;lù;LỘ;"sương; nước (có được qua chưng cất)";""
敌;dí;ĐỊCH;"kẻ địch; bên địch; bọn địch; bọn giặc";""
闹;nào;NÁO;"cãi nhau; ồn ào; tranh cãi; tỏ ra (tức tối, bất mãn); phát tiết cảm xúc (giận, buồn...）; bị; mắc; gặp (bệnh tật, rủi ro); làm; nghịch; tiến hành; vòi; nghịch; quấy; quấy phá; gây rối; chơi đùa; đùa giỡn; đùa bỡn; chọc ghẹo";""
启;qǐ;KHẢI;"mở ra; bắt đầu";""
猛;měng;MÃNH;"mãnh liệt; mạnh mẽ; mãnh";""
账;zhàng;TRƯỚNG;"tài khoản; sổ kế toán; sổ sách; nợ; hóa đơn";""
烤;kǎo;KHẢO;"hơ; quay; sưởi; thui; nướng; sưởi ấm; hơ lửa sưởi ấm";""
烫;tàng;THANG;"bỏng; phỏng; sấy; hâm; là; ủi; uốn tóc";""
输;shū;THÂU;"thua; thất bại; quyên tặng; quyên góp; vận tải; vận chuyển; nhập (lệnh, dữ liệu, thông tin)";""
爽;shuǎng;SẢNG;"sướng; phê; đã; dễ chịu; sảng khoái; trong sáng; quang đãng; ngay thẳng; thẳng thắn";""
阀;fá;PHIỆT;"phiệt; cái van";""
紧;jǐn;KHẨN;"căng; kéo căng; săn; săn cón; chặt; kỹ; thốn; sít; sát; chặt chẽ; nghẹt; chật; liền; gấp; cấp bách; nối tiếp; eo hẹp; tù túng; túng thiếu (kinh tế)";""
赌;dǔ;ĐỔ;"đánh bạc; đánh bài; đánh cá; đánh cược; cá cược";""
斋;zhāi;TRAI;"chay; đồ chay; thức ăn chay; món chay; phòng; lầu; nhà";""
颂;sòng;TỤNG;"khen ngợi; ca tụng; ca ngợi; chúc mừng";""
驯;xùn;TUẦN;"thuần phục; lương thiện; hiền lành";""
付;fù;PHÓ;"chi; nộp; trả (tiền); nộp; đưa cho; gửi gắm; giao cho; giao phó";""
狂;kuáng;CUỒNG;"điên; khùng; cuồng; dại; điên cuồng; mãnh liệt; mạnh; hoang dã; tự do";""
雍;yōng;UNG;"hoà nhã; họ Ung";""
坠;zhuì;TRUỴ;"rơi; rớt; rơi xuống; ngã xuống; truỵ; rủ xuống; trĩu xuống";""
沁;qìn;THẤM;"rỉ ra; ngấm; thấm (hương thơm, chất lỏng); gục đầu; cúi xuống; thả vào; cho vào; thêm vào (nước)";""
挺;tǐng;ĐĨNH;"rất; lắm; khá";""
逞;chěng;SÍNH;"khoe; trổ tài; tỏ rõ; phô trương; thể hiện (tài năng, uy phong); đạt được; thực hiện (ý đồ xấu); dung túng; nuông chiều; buông thả; phóng đãng";""
榜;bǎng;BẢNG;"bảng; danh sách; công văn; cáo thị (thời xưa)";""
芹;qín;CẦN;"rau cần";""
雄;xióng;HÙNG;"đực; sống; trống (giống); hùng vĩ; oai phong; hùng dũng; mạnh mẽ";""
皆;jiē;GIAI;"đều; cùng; đều là; toàn là";""
仇;chóu;CỪU;"kẻ thù; cừu địch; kẻ địch; vật nguy hại; địch thủ; quân địch; thù hận; sự thù hằn; mối thù; tình trạng thù địch; oán hận";""
顾;gù;CỐ;"ngoảnh, ngoái nhìn, đoái";""
频;pín;TẦN;"nhiều lần; thường xuyên; liên tục";""
辽;liáo;LIÊU;"xa; xa xôi";""
卑;bēi;TI;"thấp; thấp hèn (vị trí; địa vị); kém; bỉ ổi; ti tiện; thấp hèn; hèn mọn; tầm thường; khiêm tốn; khiêm nhường; lễ độ";""
贫;pín;BẦN;"nghèo; bần; túng; lắm lời; làu bàu; lảm nhảm; bần tăng; bần ni; bần đạo; thiếu thốn; ít";""
弱;ruò;NHƯỢC;"yếu; yếu sức; yếu kém; trẻ; trẻ nhỏ; trẻ con; kém; không bằng; mất; chết; qua đời; quá cố; ít; non; ngót; gần";""
毫;háo;HÀO;"lông; bút lông; sợi dây (buộc ở đầu cân); sợi tóc nhỏ";""
施;shī;THI.THÍ;"thực hiện, tiến hành";""
举;jǔ;CỬ;"giơ; cử; nâng; tổ chức; nổi dậy; chọn; bầu cử; đưa ra; nêu lên; nêu ra";""
妻;qī;THẾ;"vợ; bà xã; hôn thê";""
阅;yuè;DUYỆT;"đọc; xem; trải qua; từng trải; kinh qua; kiểm duyệt; xét duyệt; xem xét; đánh giá";""
切;qiè;THIẾT;"thềm; bậc cửa; ngưỡng cửa";""
贴;tiē;THIẾP;"dán (làm cho dính vào nhau); kề; sát; khít; áp sát; trợ giúp; trợ cấp";""
端;duān;ĐOAN;"đầu, mối";""
标;biāo;TIÊU;"ngọn cây; đánh dấu; dấu hiệu; biển báo; tiêu chuẩn; định mức; chỉ tiêu; dấu hiệu; triệu chứng; giải thưởng; phần thưởng; giải; đấu thầu; tiêu cục (một biên chế lục quân cuối thời Thanh)";""
狮;shī;SƯ;"sư tử";""
寿;shòu;THỌ;"tuổi; sống; ngày sinh; sinh nhật (của người lớn tuổi); thọ (chuẩn bị sẵn cho việc làm ma); họ Thọ";""
楚;chǔ;SỞ;"đau khổ; khổ sở; đau đớn; đau buồn; đau lòng; rõ ràng; chỉnh tề; minh bạch; ngăn nắp; ngắn gọn";""
废;fèi;PHẾ;"phế; phế bỏ; bỏ; bỏ dở; hỏng; phế truất; cách chức; bãi miễn";""
若;ruò;NHƯỢC;"như; dường như";""
籍;jí;TỊCH;"sách; thư tịch; sách vở; quê quán; tịch (quan hệ lệ thuộc giữa cá nhân đối với nhà nước hoặc một tổ chức); họ Tịch";""
遗;yí;DI;"đánh rơi; mất; rơi mất; quên; để sót; để lại; lưu lại; để lại; di (cái của người chết để lại); són; di (chỉ sự bài tiết không tự chủ)";""
秒;miǎo;MIỂU;"giây (thời gian)";""
刷;shuā;LOÁT;"bàn chải; rửa";""
躺;tǎng;THẢNG;"nằm thẳng cẳng";""
摆;bǎi;BÀI;"đặt; bày; xếp đặt; bày biện; bố trí; khoe; loè; ra oai; xua; vẫy; lắc lư; đung đưa; nói; trò chuyện; trình bày; bóc trần; vạch trần";""
穷;qióng;CÙNG;"cuối, hết";"cứu 究"
匪;fěi;PHỈ;"cường đạo; kẻ cướp; đạo chích; thổ phỉ";""
责;zé;TRÁCH;"trách nhiệm";""
逆;nì;NGHỊCH;"chống lại; chọi lại; không thuận; không phục tùng; đón; tiếp; đón tiếp";""
辰;chén;THẦN;"Thìn (ngôi thứ năm trong 12 địa chi); thiên thể (tên chung của mặt trời; mặt trăng và các ngôi sao); giờ; ngày tháng; thời gian; Thần Châu (địa danh); thời thần (chia một ngày thành 12 giờ)";""
欣;xīn;HÂN;"vui vẻ; vui mừng; mừng rỡ";""
虐;nüè;NGƯỢC;"độc ác; tàn bạo";""
悠;yōu;DU;"lâu; xa; nhàn rỗi; rỗi rãi; thong dong";""
猎;liè;LIỆP;"săn bắn; săn bắt; săn; tìm kiếm; theo đuổi";""
烧;shāo;THIÊU;"đốt cháy";""
肆;sì;TỨ;"cùng cực, phóng túng; phơi bày, bêu; bốn, 4 (như 四, dùng trong văn tự)";""
沦;lún;LUÂN;"chìm, đắm";"轮 luân bánh xe"
陷;xiàn;HÃM;"vùi lấp; hãm hại; phá hoại";""
陋;lòu;LẬU;"xấu; xấu xí; thô; xấu; xoàng; chật hẹp; sơ sài (nhà ở); cổ hủ; không văn minh; nông cạn; thiển cận; ít hiểu biết";""
枕;zhěn;CHẨM;"gối; cái gối; vỏ gối";""
途;tú;ĐỒ;"đường; đường đi";""
勿;wù;VẬT;"chớ; đừng; miễn; không";""
倍;bèi;BỘI;"lần; đôi";""
猜;cāi;SAI;"đoán; suy đoán; phỏng đoán; nghi ngờ; sinh nghi; hoài nghi";""
禁;jìn;CẤM;"cấm; ngăn cấm; giam cầm; cầm tù; giam hãm; giam giữ";"楚 （sở - khổ sở）"
楼;lóu;LÂU;"nhà lầu; tòa nhà; quán; tiệm; cổng; lầu; tháp; lầu; tầng; họ Lâu";""
涌;yǒng;DŨNG;"tuôn ra; phun ra; bốc lên (mây, nước); ùa; lộ ra; hiện ra; xuất hiện";""
悦;yuè;DUYỆT;"vui mừng; hớn hở; vui vẻ";""
顾;gù;CỐ;"nhìn; ngoảnh; quay đầu lại nhìn; lo; chú ý; săn sóc; trông nom; chiếu cố; thăm viếng; đến thăm; khách hàng; thương; quan tâm; nhớ nhung";""
富;fù;PHÚ;"giàu; sung túc; phú; phong phú; đa dạng; nhiều";""
虚;xū;HƯ;"giả tạo; giả dối; hư cấu; bịa đặt; trống không; rỗng; hư; khiêm tốn; hư nhược; yếu ớt; không vững dạ; nhút nhát; nao núng; lo sợ";""
震;zhèn;CHẤN;"chấn động; rung động; dao động; quá mức; ghê gớm (tinh thần bị kích động)";""
伪;wěi;NGỤY;"ngụy; giả; giả mạo; nguỵ; phi pháp; bất hợp pháp; không hợp pháp; không chính thống; giả; ảo (dùng trong lập trình)";""
荣;róng;VINH;"vinh, vinh dự, vinh hoa";""
灌;guàn;QUÁN;"tưới; dẫn nước tưới; rót; đổ; trút; dội; thổi; thu; thu âm; ghi âm";""
菌;jūn, jùn;KHUẨN;"cây nấm; vi khuẩn";""
御;yù;NGỰ;"đánh xe; điều khiển xe; cai quản; chống lại; chống cự";""
紫;zǐ;TỬ;"màu tím";""
尿;niào;NIỆU;"đi tiểu; đi đái";""
屈;qū;KHUẤT;"co; cong; gập; cúi; uốn cong; khuất phục; làm cho khuất phục; đuối lý";""
渐渐;jiànjiàn;TIỆM TIỆM;"dần; dần dần; từ từ; dần dà";""
删;shān;SAN;"xoá; cắt; lược (câu văn)";""
禁;jìn, jīn;CẤM;"cấm đoán (không cho phép); kiêng kị, tránh";""
跌;diē;ĐIỆT;"ngã; té; ngã xuống; rơi xuống; rớt (vật thể); hạ; giảm; xuống; sụt (vật giá)";""
疗;liáo;LIỆU;"trị liệu; chữa bệnh; chữa trị; điều trị";""
妆;zhuāng;TRANG;"nữ trang; đồ trang sức; trang (lớp trang điểm); của hồi môn";""
各;gè;CÁC;"các; mỗi; tất cả; khắp; các; những (số nhiều); các; mọi (nhiều cái, nhiều người khác nhau)";""
缘;yuán;DUYÊN;"duyên cớ; nguyên do; nguyên nhân; lý do; duyên phận; số phận; duyên số; cạnh; bờ; mép";""
顽;wán;NGOAN;"ngu dốt; đần; dốt; gàn bướng; cố chấp; ngang bướng; bướng bỉnh; bướng bỉnh; tinh nghịch; chơi";""
惇;dūn;ĐÔN;"hiền hoà; trung hậu; hiền hậu; đôn hậu";""
列;liè;LIỆT;"bày ra; xếp theo hàng ngang";""
抗;kàng;KHÁNG;"đỡ; ngăn chặn; chống chọi; kháng lại; kháng cự; chống; cãi lại; phản đối; không chấp nhận; sánh với; ngang bằng; ngang tài; cân bằng";""
攻;gōng;CÔNG;"đánh; tấn công; tiến đánh; công kích; chỉ trích; phản đối; học; nghiên cứu";""
势;shì;THẾ;"thế lực; tình hình, tình thế; hột dái";""
誉;yù;DỰ;"danh dự; danh giá; tiếng tăm; họ Dự";""
拾;shí;THẬP;"nhặt; mót; thu dọn; sắp xếp";""
助;zhù;TRỢ;"giúp; hỗ trợ; trợ giúp";""
历;lì;LỊCH;"trải qua; kinh qua";""
库;kù;KHỐ;"kho; họ Khố; ngân khố; kho bạc; kho; cơ sở (tin học)";""
匿;nì;NẶC;"che giấu; giấu";""
傻;shǎ;SOẠ;"ngu; dốt; ngốc; đần độn; ngớ ngẩn; máy móc; không linh hoạt";""
仍;réng;NHƯNG;"vẫn; cứ; như cũ";""
供;gòng;CUNG;"cúng bái; kính thờ; thờ; đầu thú; thú tội; thú nhận; khai; đảm nhiệm; tham gia; làm; chia sẻ";""
屏;píng;BÌNH;"bình phong; (những vật có hình dạng giống bình phong); tranh tứ bình";""
拷;kǎo;KHẢO;"tra tấn; đánh đập; sao chép; gọi";""
注;zhù;CHÚ;"rót nước; chú thích, giải nghĩa; chú ý";""
展;zhǎn;TRIỂN;"nở; mở; giãn ra; thả lỏng; thư giãn; thi triển; triển khai; thể hiện; hoãn lại; kéo dài; bày ra; xếp ra; triển lãm; trưng bày; mở rộng; phát triển";""
操;cāo;THAO;"cầm; nắm; nhấc; làm; đảm nhiệm; lái; nắm; nắm vững; điều khiển; sử dụng; nói tiếng nước ngoài; nói tiếng phương ngôn; tập luyện; tập; thao luyện";""
赛;sài;TÁI.TRẠI;"đấu; thi đấu; hơn; thắng; sánh với; tế tạ ơn (mê tín)";""
晾;liàng;LƯỢNG;"hong; phơi; hong cho khô; phơi; bỏ rơi; gạt (ra); cho ra rìa; để nguội; làm mát";""
锁;suǒ;TOẢ;"cái khoá; xiềng; xích; vật giống khoá";""
坤;kūn;KHÔN;"quẻ khôn (kinh Dịch); gái; nữ; nữ giới; phái nữ";""
趣;qù;THÚ;"hứng thú; thích thú; hân hoan; quan tâm; sở thích; chí hướng";""
放肆;fàngsì;PHÓNG TỨ;"nhờn; láo; suồng sã; láo xược; càn rỡ; ngang ngược; hỗn xược; vô lễ";""
股;gǔ;CỔ;"sợi; dòng; con; luồng; dòng; mùi; toán; tốp";""
招;zhāo;CHIÊU;"gọi; vẫy; vẫy tay; mộ; gọi; chiêu; tuyển; triệu; gây; chuốc; dẫn tới; gây ra; dẫn đến (việc không tốt); làm; trêu; khiến; trêu chọc; trêu ghẹo; khai; nhận tội; xưng tội; lây nhiễm; truyền nhiễm";""
炸;zhá;TẠC;"chiên; rán; trụng; chần";""
浸;jìn;TẨM;"ngâm; dầm; ngâm trong nước; thấm; ngấm";""
葱;cōng;THÔNG;"hành; cây hành; hành lá";""
竞;jìng;CẠNH;"cạnh tranh; thi; thi đua; ganh đua; đua tranh";""
叹;tàn;THÁN;"than thở; than; thán; khen ngợi; ca ngợi; ngâm nga";""
汇;huì;HỐI;"hợp thành; hội tụ; tụ hội; hợp lại; hội; hợp; tập hợp; tổng hợp; thu thập; gửi; chuyển tiền (qua bưu điện, ngân hàng)";""
掐;qiā;KHÁP;"ngắt; cấu; bấm; véo; vặt; bóp";""
却;què;KHƯỚC;"lại; nhưng; mà lại; nhưng mà; nhưng lại";""
毒;dú;ĐỘC;"độc; chất độc; độc hại; ảnh hưởng xấu; thuốc phiện; ma tuý; virus; virus máy tính";""
摩;mó;MA;"mát xa; tiếp xúc; xem xét; quan sát; nghiền ngẫm; tham quan học hỏi; đụng chạm; xoa tay";""
耀;yào;DIỆU;"quang vinh; ánh sáng";""
陷;xiàn;HÃM;"hố bẫy; cạm hố; khuyết điểm; thiếu sót; lỗi lầm";""
犯;fàn;PHẠM;"phạm; trái phép; xâm phạm; xâm chiếm; đụng chạm; đụng; mắc; phạm; nổi; tái phát (bệnh cũ); trở lại (một thói quen cũ)";""
妄;wàng;VỌNG;"vô lý; hoang đường; xằng; bừa; xằng bậy; bốc phét";""
匠;jiàng;TƯỢNG;"thợ; thợ thủ công; bậc thầy";""
箱;xiāng;SƯƠNG.TƯƠNG;"rương; hòm; va li; hộp; hòm (vật giống hòm)";""
戏;xì;HÍ;"trò; cảnh; kịch; xiếc; hí kịch; tạp kỹ; bộ phim";""
建;jiàn;KIẾN;"xây; xây dựng; thiết lập; thành lập; xây dựng; nêu lên; đề nghị; kiến nghị";""
递;dì;ĐỆ;"truyền đạt; chuyển; chuyển giao; đưa; đệ trình; lần lượt; theo thứ tự";""
弦;xián;HUYỀN;"dây cung; sợi dây; dây đàn; dây cót (đồng hồ); dây cung; cát tuyến (đường nối hai điểm của đường tròn); cạnh huyền (của tam giác vuông); trăng lưỡi liềm";""
偶;ǒu;NGẪU;"tượng gỗ; tượng đất; vợ; chồng; bạn đời; đôi lứa";""
怨;yuàn;OÁN;"trách móc; oán trách; oán hận; thù hận; căm hận";""
摘;zhāi;TRÍCH;"hái; bẻ; ngắt; lấy; cởi ra; tháo ra; trảy; bứt; chọn; chọn lựa; chọn lọc; vay; mượn; vay nóng; giành; giành được; đạt được";""
铁;tiě;THIẾT;"sắt (ký hiệu Fe); đao thương; vũ khí; họ Thiết";""
绑;bǎng;BẢNG;"trói; băng; quấn; ràng rịt; cột; gói; buộc; niềng";""
治;zhì;TRỊ;"lo liệu; quản lý; điều trị; trị bệnh; chữa trị; tiêu diệt; diệt (côn trùng có hại); trừng trị; nghiên cứu; dạy bảo; dạy dỗ";""
湿;shī;THẤP;"ẩm ướt";""
堪;kān;KHAM;"chịu nổi; chịu được; kham nổi; chịu đựng nổi; có thể; có khả năng; phù hợp với; thích hợp với";""
滑;huá;HOẠT;"lưu thông, không ngừng; trơn, nhẵn; khôi hài, hài hước";""
闭;bì;BẾ;"đóng; khép; ngậm; nhắm (mắt); bịt; chặn; làm tắc; kết thúc; chấm dứt; ngưng; dừng; bế";""
扇;shàn;PHIẾN;"quạt; cái quạt; cánh; tấm (đồ vật hình quạt)";""
益;yì;ÍCH;"lợi ích; ích; họ Ích; tên Ích";""
攀;pān;PHÀN;"leo; trèo; vịn; bám; víu (bám vào vật để leo lên); bấu víu; nhờ vả; kết thân với những người có địa vị cao hơn mình; dính líu; bắt chuyện";""
闷;mèn;MUỘN;"buồn rầu; không vui";""
厚;hòu;HẬU;"dày; sâu đậm; sâu nặng (tình cảm); hiền hậu; phúc hậu; độ lượng; lớn; nhiều; nặng; nồng; đậm; đượm; nặng (mùi vị); giàu; giàu có; phong phú";""
罢;bà;BÃI;"ngừng; dừng; thôi; nghỉ; bãi; cách; bỏ; cho thôi; kết thúc; hoàn tất; xong xuôi; xong";""
勉;miǎn;MIỄN;"nỗ lực; gắng sức; cố gắng; khuyến khích; miễn cưỡng; gắng gượng";""
妥;tuǒ;THOẢ;"thoả đáng; ổn thoả; đủ; xong xuôi (sau động từ)";""
臭;chòu;XÚ;"hôi; khó ngửi; thối; khắm; ôi (mùi); thối tha; xấu xa; ghê tởm; đáng ghét";""
瞪;dèng;TRỪNG;"trừng; trợn; trơ; trố (mắt); trừng; lườm; nguýt; trợn mắt nhìn (không hài lòng)";""
涨;zhǎng;TRƯỚNG;"cao; lên cao; tăng; nâng cao (mực nước, vật giá)";""
硬;yìng;NGẠNH;"cứng; rắn; cứng nhắc; kiên cường; kiên định; kiên quyết; giỏi; tốt; vững vàng; không lưu loát; thiếu tự nhiên; không linh hoạt; không thể thay đổi; cố định";""
坟;fén;PHẦN;"mộ; mồ; phần mộ; mồ mả";""
托;tuō;THÁC;"nâng; đỡ; đựng; chống; nhờ; gửi; nhờ gửi; uỷ thác; ký thác; vin; thác; từ chối; tìm cớ; mượn cớ; nhờ; nương nhờ; lót; đệm; nổi bật";""
丐;gài;CÁI;"kẻ ăn mày; cầu xin";""
浅;qiǎn, jiān;THIỂN;"cạn, nông";""
薄;bó, bò, báo;BẠC;"mỏng manh; nhẹ; nhạt nhẽo; ít, kém; xấu, bạc (đất)";""
涂;tú;ĐỒ;"bôi; tô; quét; xoa; phết; sơn; viết vẽ bừa bãi; xóa; xoá đi; bỏ đi; dập xóa";""
赶;gǎn;CẢN;"đuổi; đuổi theo; vội; gấp; vội vàng; vội vã; đi; đến (nơi nào đó); đánh (đánh xe); đuổi; xua đuổi; gặp; gặp phải; vào lúc; nhân dịp";""
劫;jié;KIẾP;"ăn cướp, ép buộc; tai hoạ; số kiếp";""
蹦;bèng;BÍNH;"nhảy; bật ra; chợt; nảy ra; nghĩ ra; nhảy vọt; tăng vọt; vọt lên";""
群;qún;QUẦN;"bầy; đàn; đống; đoàn; đội; cụm; đám; nhóm; các; khu";""
劝;quàn;KHUYẾN;"khuyên giải; khuyên nhủ; khuyến khích; khích lệ";""
徒;tú;ĐỒ;"lội; đi bộ";""
争;zhēng;TRANH;"tranh giành; tranh đoạt; giành giật; đua nhau; tranh luận; tranh chấp; tranh cãi; thiếu; hụt; thiếu sót";""
耐;nài;NẠI;"chịu nổi; chịu được; nén được; dằn lòng được; chịu đựng được; chống chịu được; bền; lâu; chịu; chịu đựng; gắng gượng chịu đựng";""
遭;zāo;TAO;"gặp; bị";""
嘴;zuǐ;CHỦY;"miệng; mồm; mõm; mỏ; miệng (vật giống miệng); lời nói; đồ ăn";""
慎;shèn;THẬN;"dè chừng; cẩn thận; thận trọng";""
胎;tāi;THAI;"thai; bào thai; thai nhi; phôi thai; lót; đệm; lốp xe; phôi";""
爆;bào;BẠO;"nổ tung; vỡ tung; bùng lên; phát nổ; đột ngột; bất ngờ; chiên; nổ; nhúng; xào nhanh";""
娶;qǔ;THÚ;"lấy vợ; cưới vợ; cưới";""
吞;tūn;THÔN;"nuốt; tiêu diệt";""
眉;méi;MI;"lông mày; mày; lề; mép (trang sách); họ (tên) My";""
洒;sǎ;SÁI;"vẩy; rắc; tung; xịt (nước); rơi vãi; tràn; đổ";""
盼;pàn;PHÁN;"chờ mong; mong mỏi; trông mong; nhìn; trông";""
雪;xuě;TUYẾT;"tuyết; như tuyết (màu sắc; ánh sáng); họ Tuyết";""
威;wēi;UY;"quyền thế; quyền lực; uy thế; oai phong; uy nghiêm; họ Uy";""
庭;tíng;ĐÌNH;"sân; cái sân; toà án; gia đình; sảnh; phòng chính; đại sảnh";""
职;zhí;CHỨC;"nhiệm vụ; trách nhiệm; chức quyền; chức; chức vụ; hạ chức; ti chức; hạ quan; tiện chức";""
压;yā;ÁP;"ép; đè; ấn; nhấn; kìm; dồn; nén; trấn tĩnh; ép; áp chế; chèn ép; tiếp cận; áp sát; đến gần; tồn đọng; dồn lại; lưu lại; lưu giữ; đặt cửa; đặt tiền (cờ bạc); dồn; đè lên; đè nặng (trách nhiệm); áp đảo; át đi";""
瞅;chǒu;THU;"ngó; nhìn; ngắm; xem; liếc";""
适;shì;THÍCH;"hợp; thích hợp; phù hợp; đi; đến; gả; xuất giá";""
绩;jì;TÍCH;"thành quả; công lao; thành tích";""
肠;cháng;TRÀNG;"ruột; nội tâm; tâm tư; lòng dạ; dồi; xúc xích (một loại thực phẩm)";""
颜;yán;NHAN;"mặt; vẻ mặt; thể diện; bộ mặt; mặt mũi; biểu cảm; nét mặt; màu sắc; họ Nhan";""
蓝;lán;LAM;"xanh; lam; xanh da trời";""
昏;hūn;HÔN;"tối; trời tối; hoàng hôn; hôn nhân";""
抖;dǒu;ĐẨU;"run rẩy; run; run run; run lẩy bẩy; run như cầy sấy; giật; rung; tung; giũ; vảy; vạch trần; phơi ra; bại lộ; cổ vũ; cổ động; vực dậy; lấy lại (tinh thần); vênh váo; vênh mặt; lên mặt; hách";""
汰;tài;THẢI.THÁI;"thải; bỏ";""
枚;méi;MAI;"họ Mai";""
埋;mái;MAI;"chôn; chôn vùi; vùi; lấp; che giấu; trốn; mai phục; ẩn nấp";""
护;hù;HỘ;"che chở, bảo vệ";""
选;xuǎn;TUYỂN;"được tuyển; được chọn (người hoặc vật); tập; bài; tác phẩm (được chọn)";""
播;bō;BÁ;"truyền bá; truyền đạt; phát; lan truyền; gieo; vãi; gieo hạt; di dời; đổi chỗ; lưu vong";""
荐;jiàn;TIẾN;"tiến cử; giới thiệu; cống hiến";""
顽童;wántóng;NGOAN ĐỒNG;"đứa bé bướng bỉnh; thằng nhóc; thằng nhãi ranh; thằng ranh con";""
育;yù;DỤC;"nuôi; nuôi nấng; nuôi dưỡng; giáo dục; bồi dưỡng; sinh; sinh sản";""
技;jì;KĨ;"kỹ năng; năng lực chuyên môn; kỹ thuật; công nghệ";""
敲;qiāo;XAO;"gõ; khua; điểm; cốc; đãi; mời; đưa; cho; bắt bí; bóp chẹt; chặt chém (giá cả)";""
型;xíng;HÌNH;"khuôn; mô hình; khuôn đúc; loại; cỡ; nhóm; kiểu; loại hình";""
类;lèi;LOẠI;"loài; loại; thứ; giống; họ Loại";""
览;lǎn;LÃM;"xem; ngắm; lãm";""
博;bó;BÁC;"nhiều; rộng; phong phú; dồi dào; đa dạng; lớn";""
项;xiàng;HẠNG;"hạng; điều; khoản; mục; môn";""
察;chá;SÁT;"xét; xem kỹ; xét kỹ; quan sát; nhận ra; tìm tòi; điều tra; khảo sát";""
绘;huì;HỘI;"vẽ; vẽ tranh; mô tả; miêu tả; minh hoạ";""
测;cè;TRẮC;"đo; đo đạc; đoán; ngờ đến; lường trước";""
析;xī;TÍCH;"phân tích; mổ xẻ; giải thích; gỡ; tách; tẽ; chẻ";""
控;kòng;KHỐNG;"tố cáo; kiện; khống chế; điều khiển; lơ lửng; ộc ra; chảy ra; ục ra";""
监;jiān;GIAM.GIÁM;"giám sát; theo dõi; giám thị; trông coi; giam; bắt nhốt; bỏ tù";""
昂;áng;NGANG;"ngẩng; ngóc; ngỏng (đầu)";""
诉;sù;TỐ;"nói; bảo; kể; kêu; tố; kiện; tố cáo; kêu gọi";""
倾;qīng;KHUYNH;"nghiêng; lệch; khuynh hướng; xu hướng; sập; đổ; xiêu; đổ; làm nghiêng; dốc; dốc hết; trút hết; áp đảo; vượt qua";""
推;tuī;THÔI;"đẩy; đùn; xay; cắt; bào; xén; hớt; mở rộng; phát triển; suy ra; suy luận; nhường; đùn đẩy; đổ; từ chối; khước từ; thoái thoát; hoãn lại; trì hoãn; để chậm lại; tôn sùng; sùng bái; đề cử; bầu cử";""
围;wéi;VI;"vây; bao vây; quây; vây quanh; quàng";""
范;fàn;PHẠM;"phạm vi; giới hạn; qui phạm; họ Phạm; tiêu chuẩn; tấm gương; khuôn mẫu";""
并;bìng;TỊNH.TÍNH;"và; đồng thời; hơn nữa; mà còn";""
守;shǒu;THỦ;"coi; giữ; trông coi; túc trực; giữ; tuân thủ; tuân theo; theo đúng; gần; cận; ở gần; giữ; thủ; phòng thủ; giữ lời hứa; giữ chữ tín; tuân thủ lời hứa";""
煤;méi;MÔI;"than đá; than";""
装;zhuāng;TRANG;"trang điểm; hoá trang; đóng; đóng sách; giả; giả vờ; bỏ; bốc; chứa; đựng; để vào; cho vào; lắp; bắc; cài đặt; lắp đặt; giả trang; cải trang; làm ra vẻ; đóng; đóng gói";""
态;tài;THÁI;"vẻ; trạng thái; hình dáng; hình thái (một loại phạm trù ngôn ngữ)";""
固;gù;CỐ;"kiên cố; vững chắc; chắc chắn; bền chắc; chắc; vững; cứng; rắn; đặc; cứng rắn; rắn chắc; nông cạn; hạn hẹp; không sâu; bệnh kinh niên; bệnh trầm kha; tật khó sửa; bệnh khó chữa; bệnh nan y";""
脂;zhī;CHI;"mỡ; dầu; nhựa (động thực vật); son (môi)";""
树;shù;THỤ;"cây; cây cối; họ Thụ";""
浮;fú;PHÙ;"bơi; bơi lội; nổi";""
貌;mào;MẠO;"tướng mạo; diện mạo; dung mạo; ngoại hình; bề ngoài; cảnh; họ Mạo";""
杰;jié;KIỆT;"người tài giỏi; hào kiệt; anh hùng";""
状;zhuàng;TRẠNG;"hình dạng; hình thái; hình dáng; dáng; tình huống; tình trạng; tình hình; hồ sơ; bản ghi; văn bản; đơn kiện; đơn khởi tố; giấy; bằng khen (văn bản chứng nhận)";""
蟹;xiè;GIẢI;"cua; con cua";""
著;zhù;TRƯỚC;"rõ rệt; rõ ràng; nổi bật";""
壮;zhuàng;TRÁNG;"cường tráng; khoẻ; mạnh; khoẻ mạnh; tráng; hùng tráng; to lớn";""
墓;mù;MỘ;"mộ; mồ mả; họ Mộ";""
细;xì;TẾ;"mịn; nhuyễn (hạt); nhỏ; mảnh; thon; gầy; nhỏ (âm lượng); tinh tế; tinh xảo; tỉ mỉ; kỹ càng; tường tận; cặn kẽ; nhỏ nhặt; bé nhỏ; lắt nhắt; nhỏ bé; nhỏ xíu; trẻ; nhỏ";""
恐;kǒng;KHỦNG;"sợ hãi; sợ sệt; lo sợ; đe doạ; doạ dẫm; dọa nạt";""
案;àn;ÁN;"khay gỗ (xưa); bàn; tấm ván; ván (làm bằng gỗ dài); vụ án; án; tài liệu; hồ sơ; đề án; dự án; đề xuất; kế hoạch; vụ việc; vụ (sự kiện lớn)";""
署;shǔ;THỰ;"sở; cơ quan; trụ sở; văn phòng";""
撤;chè;TRIỆT;"loại bỏ; huỷ bỏ; gỡ; dỡ; dọn; thu hồi; sa thải; bác bỏ; sơ tán; rút lui; rút";""
境;jìng;CẢNH;"biên giới; cảnh; biên cương; ranh giới; nơi; chỗ; chốn; khu vực; tình huống; hoàn cảnh; cảnh ngộ";""
纳;nà;NẠP;"nạp; nhập; thu; tiếp nhận; tiếp thu; chấp nhận; thu nhận; hóng; hưởng thụ; thư giãn; thư thái; tận hưởng; thưởng ngoạn; đưa vào; bỏ vào; nộp; đóng (thường là thuế, phí); khâu; khâu vá (thường dùng để khâu đế giày, tất…)";""
剩;shèng;THẶNG;"thừa lại; còn lại";""
曰;yuē;VIẾT;"nói; rằng; gọi là; đặt tên";""
投;tóu;ĐẦU;"ném; quăng; bỏ vào; bình chọn; quăng vào; gieo; nhảy vào; nhảy xuống (chỉ tự sát); toả; toả sáng; toả chiếu; gửi; lao vào; tìm đến; tham gia vào; hợp; hợp nhau; làm vừa lòng nhau; gần; sắp sửa; trước khi; giặt (quần áo)";""
翻;fān;PHIÊN;"lật; đổ; trở mình; giở; đảo; lục lọi; lục; đảo lộn; lật đổ; phản; lật bỏ (cái cũ); vượt qua; leo qua; trèo qua; tăng gấp đôi; tăng gấp bội (số lượng); dịch; phiên dịch; trở mặt; giở giọng";""
卷;juǎn;QUYỂN;"cuốn; cuộn; xoắn; xắn; vê; quét sạch; mang theo; cuốn theo; xen vào; chen vào";""
脾;pí;TÌ;"tỳ; lá lách";""
舍;shè;XÁ;"phòng ốc; nhà trọ; nhà ở; nhà ở của mình; chuồng; tôi; của tôi (gọi anh em, người nhà); họ Xá";""
显;xiǎn;HIỂN;"lộ rõ; nổi bật; rõ ràng; vinh hiển; hiển đạt; hiển hách (có địa vị có quyền lực)";""
荡;dàng;ĐÃNG;"lay động; đung đưa; khua; rong chơi; lêu lổng; rửa; cọ rửa; thanh trừ; làm sạch";""
闯;chuǎng;SẤM;"xông; vượt; nhào vô; xông vào; xông xáo; rèn luyện; tôi luyện; tích lũy (trong thực tế); bôn ba; tung hoành; bôn tẩu; tất bật; đi khắp nơi; chịu; gánh chịu; gây ra; lao vào; xông pha; lăn lộn";""
寐;mèi;MỊ;"ngủ";""
坛;tán;ĐÀN;"đàn; đàn tế thời cổ; đàn (nơi tu hành, cầu nguyện); giảng đài; diễn đàn; giới (lĩnh vực theo nghề nghiệp, công việc); luống; bồn; cái bình; bình; hũ; lọ";""
扮;bàn;BAN;"sắm vai; đóng vai; hoá trang; giả làm; làm vẻ; bĩu môi; nhăn mặt";""
众;zhòng;CHÚNG;"nhiều; đông";""
洪;hóng;HỒNG;"lớn; to";""
冯;féng;BẰNG;"họ Phùng";""
凝;níng;NGƯNG;"ngưng đọng";""
宿;sù;TÚC;"ở; ngủ lại";"寓 ngụ"
偷;tōu;THÂU;"ăn trộm; ăn cắp; trộm; nhót; bớt xén; tranh thủ (thời gian); qua loa; tạm bợ; cẩu thả";""
扰;rǎo;NHIỄU;"quấy nhiễu; hỗn loạn; quấy rối; phiền (lời nói khách sáo)";""
虹;hóng;HỒNG;"cầu vồng";""
魑魅魍魉;chīmèiwǎngliǎng;SI MỊ VÕNG LƯỢNG;"yêu ma quỷ quái";""
优;yōu;ƯU;"ưu tú; tốt; trội; đầy đủ; sung túc";""
赴;fù;PHÓ;"đi; đến; bơi; bơi lội; tham dự; dự (nơi nào đó); cáo phó; tin buồn; báo tang";""
轧;yà;YẾT;"nghiền; cán; chèn ép; lật đổ; họ Át; xình xịch; lạch xạch; lọc xọc (từ tượng thanh, tiếng máy chạy)";""
炉;lú;LÔ;"cái lò; bếp";""
味;wèi;VỊ;"vị; mùi; ý vị; ý nghĩa; âm; giọng; phong cách; tính cách; khí chất; khí phách; món; món ăn";""
净;jìng;TỊNH;"sạch; sạch sẽ; hết; hết sạch; ròng; thuần; tinh khiết; nguyên chất";""
刘;liú;LƯU;"họ Lưu";""
粥;zhōu;CHÚC;"cháo";""
怀;huái;HOÀI;"ôm; ôm ấp; giữ; mang (trong lòng); nhớ; nhớ mong; hoài niệm; có mang; mang thai; có bầu; có thai";"坏 hoại"
涯;yá;NHAI;"bờ bến; bờ sông; bờ; lề; giới hạn";""
奈;nài;NẠI;"làm sao; thế nào; bất lực; khổ nỗi; tiếc là; tiếc thay";""
寒;hán;HÀN;"lạnh; rét; lạnh lẽo; nghèo; nghèo khó; bần hàn; nghèo túng; khiêm tốn; buồn; đau buồn; đau thương; đau khổ";""
敢;gǎn;CẢM;"can đảm; có dũng khí; dũng cảm";""
驾;jià;GIÁ;"kéo (xe, nông cụ) (súc vật); lái; điều khiển; ngồi; cưỡi; đạp; đi; kiểm soát; điều khiển; kiềm chế";""
咸;xián;HÀM;"mặn (vị)";""
谋;móu;MƯU;"mưu; mưu kế; mưu mô; mưu sách; kế sách";""
余;yú;DƯ;"ngoài; sau khi; phần dư; họ Dư";""
睁;zhēng;TRANH;"mở; mở to (mắt)";""
忍;rěn;NHẪN;"nhẫn nại; chịu đựng; nhẫn nhịn";""
吓;xià;HÁCH;"doạ; doạ dẫm; hù (làm cho khiếp sợ); sợ; sợ hãi";""
究;jiū;CỨU;"nghiên cứu; làm rõ; điều tra nghiên cứu";""
防;fáng;PHÒNG;"Bảo vệ; chống lại; Phòng ngừa; đề phòng";""
研;yán;NGHIÊN;"nghiên cứu; nghiền (nhỏ)";""
忆;yì;ỨC;"hồi tưởng; nhớ lại; ức";""
酷;kù;KHỐC;"ngầu; tuyệt; lạnh lùng; bảnh; sành điệu (phong cách); tàn khốc; tàn bạo; tàn nhẫn; mạnh mẽ; gay gắt";""
县;xiàn;HUYỆN;"quận; huyện (đơn vị hành chính)";""
较;jiào;GIẾU.GIẢO;"so sánh; so tài; tính toán; so đo";""
腺;xiàn;TUYẾN;"tuyến (tổ chức phân tiết chất hoá học trên cơ thể sinh vật, như tuyến, mồ hôi tuyến nước bọt...)";""
啥;shá;XÁ;"cái gì";""
愁;chóu;SẦU;"lo; buồn; rầu; buồn thảm; buồn lo";""
染;rǎn;NHIỄM;"nhuộm; sơn; nhiễm; mắc; lây; làm bẩn; nhiễm bẩn; thêm chi tiết; thêm (bức tranh)";""
皱;zhòu;TRỨU;"nếp nhăn; nếp gấp";""
霜;shuāng;SƯƠNG;"sương; sương giá; kem; đường bột; váng trắng; phấn trắng (bột như sương giá); kem (kem mắt)";""
磨;mó;MA;"ma sát; cọ sát; mài; rèn (tôi luyện); giày vò; làm khổ; hành hạ; quấy rầy; lằng nhằng; dây dưa; lẽo đẽo; đeo quấn; diệt; mất đi; phai mờ đi; mai một; giết thời gian; kéo dài thời gian";""
糊;hú;HỒ;"dán; khê; khét; cháy (cơm, thức ăn)";""
模;mó;MÔ;"mô hình; khuôn; mô phạm; gương mẫu; hình mẫu; tấm gương mẫu; mẫu; người mẫu; thử; mô phỏng";""
限;xiàn;HẠN;"giới hạn; hạn định; hạn; mức độ; quyền hạn";""
藏;cáng;TÀNG;"giấu; trốn; ẩn; tàng; núp; cất giấu; cất giữ; lưu trữ";""
寓;yù;NGỤ;"nơi ở; chỗ ở";""
液;yè;DỊCH;"chất lỏng; dịch thể; nước";""
序;xù;TỰ;"thứ tự; trình tự; trật tự; lời tựa; bài tựa; trường học; trường học địa phương (thời xưa); họ Tự";""
暂;zàn;TẠM;"ngắn; không lâu; ngắn ngủi (thời gian)";""
吐;tǔ;THỔ;"nhả; nhè; nhổ; khạc; phun; nở ra; nhả ra; thè ra; trổ ra; nói ra";""
豪;háo;HÀO;"người tài; hào kiệt; anh hào; văn hào; người tài năng xuất chúng";""
胆;dǎn;ĐẢM;"túi mật; táo bạo; gan; gan dạ; gan góc; can đảm; ruột";""
赏;shǎng;THƯỞNG;"thưởng; thưởng thức; ngắm; tán thưởng; khen ngợi";""
肥;féi;PHÌ;"béo; mập; phì; mỡ (nhiều); phì nhiêu; màu mỡ (đất đai); lợi ích; ích lợi; món hời; rộng; vừa rộng vừa dài (quần áo)";""
址;zhǐ;CHỈ;"nơi; chỗ; địa điểm";""
擦;cā;SÁT;"chùi; chà; cọ; lau; lau chùi; gạt; cọ xát; ma sát; chà; cạ; xoa; đánh; quẹt; bôi; xoa; thoa; xức; tra; sát; lướt; sượt; kề sát; ghé sát; nạo; bào; mài";""
恢;huī;KHÔI;"lớn; rộng lớn";""
描;miáo;MIÊU;"tô; đồ; tô vẽ; miêu tả; phỏng vẽ; tô lại; viết dạm; đồ theo; viết phỏng";""
软;ruǎn;NHUYỄN;"mềm; nhũn; nhẹ nhàng; mềm mỏng; yếu đuối; mềm nhũn; dao động; yếu lòng; nhẹ dạ; mềm lòng";""
惨;cǎn;THẢM;"bi thảm; thê thảm; thảm thương; thảm thiết; vô cùng; cực kỳ; ghê gớm; thê thảm; độc ác; hung ác; tàn ác; ảm đạm; tối tăm";""
纯;chún;THUẦN;"tinh khiết; thanh khiết; trong lành; trong trẻo; tuyền; ròng; nguyên chất; thuần thục; thành thạo; có kinh nghiệm";""
骄;jiāo;KIÊU;"kiêu; kiêu ngạo; kiêu căng; mãnh liệt; gay gắt; mạnh mẽ; dữ dội; được yêu thích; cưng; sủng ái; yêu thương; yêu chiều";""
兽;shòu;THÚ;"thú; con thú";""
欺;qī;KHI;"lừa dối; lừa gạt; bắt nạt; ức hiếp; lợi dụng";""
慈;cí;TỪ;"hiền lành; hiền từ; nhân ái; tốt bụng; hiền";""
偏;piān;THIÊN;"nghiêng, lệch; vẫn, cứ, lại; không ngờ, chẳng may; rất, hết sức";""
闲;xián;NHÀN;"nhàn hạ, rảnh rỗi";""
减;jiǎn;GIẢM;"giảm bớt";""
椰;yē;GIA;"cây dừa; trái dừa";""
轮;lún;LUÂN;"bánh xe; ca-nô; tàu thuỷ; vành; vầng";""
陆;lù;LỤC;"lục địa; đất liền; đường bộ; họ Lục";""
纸;zhǐ;CHỈ;"giấy; tiền vàng mã; tiền âm phủ";""
沈;shěn;THẨM;"Thẩm Dương (tên một thành phố ở tỉnh Liêu Ninh, Trung Quốc); họ Thẩm";""
脱;tuō;THOÁT;"lóc; róc; bóc; bong; rụng; cởi ra; bỏ ra; sót; sai sót; tuột; thoát; thoát khỏi; khử; tẩy; vắt";""
丝;sī;TI;"tơ tằm; sợi; dây; tơ; dây đàn; đàn (nhạc cụ có dây)";""
刻;kè;KHẮC;"khắc; chạm trổ; chạm khắc; thời hạn; thời gian (theo hạn định); ghi (đĩa CD hoặc DVD)";""
晃;huǎng, huàng;HOẢNG;"loá mắt, chói mắt";""
烦;fán;PHIỀN;"phiền; phiền muộn; buồn phiền; chán; nhàm chán; làm phiền; quấy rầy; nhờ";""
谅;liàng;LƯỢNG;"hiểu; thông cảm; tha thứ; tha lỗi; bao dung; tin; chắc; ước đoán; đoán rằng; chắc rằng";""
烧;shāo;THIÊU;"đốt; thiêu; cháy; đun; đốt nóng; nấu; nung; nấu; kho; hầm (nấu ăn); quay; nướng; sốt; làm héo; làm úa; làm lụi; làm chết; làm cháy (do bón quá nhiều phân); đắc ý; cuồng; kiêu ngạo";""
邀;yāo;YÊU;"mời; yêu cầu đạt đến; chặn lại";""
函;hán;HÀM;"hộp; vỏ bọc; phong bì (văn viết); thư; thư tín; họ Hàm";""
宅;zhái;TRẠCH;"nơi ở; chỗ ở";""
拖;tuō;ĐÀ;"kéo; dắt; lôi; buông thõng; kéo dài; lau; chùi; cản; cản trở; vướng đường; gây trở ngại";""
骗;piàn;BIỂN;"lừa gạt; lừa dối; gian lận; lừa đảo";""
搭;dā;ĐÁP;"bắc; dựng; làm; mắc; vắt; đắp; phủ; khoác; treo; nối; nhập lại; ăn khớp; thêm vào; góp vào; phối hợp; phân phối; trộn; khiêng; khênh; nhấc; ngồi; đi; đáp (xe, thuyền, máy bay)";""
掉;diào;ĐIỆU;"rơi; rớt; rụng; tụt hậu; tụt lại; rớt lại phía sau; mất; bỏ sót; đánh mất; đánh rơi; hạ; giảm; giảm sút; vẫy; lắc lư; cử động; lay động; đung đưa; quay lại; ngoảnh lại; đổi; đổi cho nhau; khoe; khoe khoang";""
筑;zhù;TRÚC;"xây; làm; bắc; đắp; xây dựng";""
灾;zāi;TAI;"tai hoạ; thảm họa; tai nạn; thiên tai; bất hạnh; điều không may";""
囤;dùn;ĐỘN;"bồ; cót; vựa (đựng thóc)";""
患;huàn;HOẠN;"mắc; bị (bệnh); lo lắng; lo sợ; lo nghĩ; ưu sầu; suy tính";""
哀;āi;AI;"buồn; thương cảm; tưởng nhớ";""
际;jì;TẾ;"bờ; ranh giới; bờ bến; trong; bên trong; ở trong; giữa (cái này với cái khác); thời; lúc; dịp; thời gian; trường hợp; hoàn cảnh";""
穷;qióng;CÙNG;"nghèo; nghèo nàn; cùng; tận cùng; khốn cùng; xa xôi; hẻo lánh; vùng sâu vùng xa";""
穿;chuān;XUYÊN;"mặc; đi; mang; đeo (giày, tất); chọc; xuyên; dùi; xỏ; xâu; xiên; xâu chuỗi; qua; đi qua; xuyên qua; lách qua";""
刺;cì;THỨ.THÍCH;"đâm; chọc; chích; khoét; xỏ; xuyên; xăm; chói; kích thích; kích động; khuyến khích; khuấy động; ám sát; hành thích; giết lén; trinh sát; dò thám; hỏi thăm; châm biếm; chế nhạo";""
景;jǐng;CẢNH;"cảnh trí; phong cảnh; cảnh; tình hình; tình huống; cảnh ngộ; tình thế; hoành cảnh; dàn cảnh; dựng cảnh; họ Cảnh";""
牌;pái;BÀI;"thẻ; biển; bảng; nhãn hiệu; bài; biển; bảng; huy chương";""
摇;yáo;DAO;"rung; lắc; đong đưa; dao động; phe phẩy; phất; lắc; rung chuyển";""
妙;miào;DIỆU;"đẹp; tuyệt diệu; tuyệt vời; tốt đẹp; thần kì; kì diệu; lạ kỳ; thông minh; khéo léo; tế nhị; tinh tế";""
观;guān;QUAN;"nhìn; xem; coi; quan sát";""
陪;péi;BỒI;"tiếp; cùng; làm bạn; theo cùng; ở bên; đồng hành; giúp đỡ; phụ trợ";""
消;xiāo;TIÊU;"biến mất; tiêu tan; tiêu trừ; làm tiêu tan; làm tan biến; tiêu khiển; giải trí; cần; cần phải";""
遇;yù;NGỘ;"gặp; gặp mặt; gặp gỡ; tương ngộ; đối đãi; khoản đãi; chiêu đãi; thết đãi";""
奥;ào;ÁO;"sâu xa; khó hiểu; thâm sâu; bên trong; phía trong; sâu thẳm";""
属;shǔ;THUỘC;"cầm tinh; tuổi con gì; thuộc về, thuộc; lệ thuộc; phụ thuộc; trực thuộc; chịu sự quản lý; là";""
抽;chōu;TRỪU;"rút; rút ra; lấy ra; chiết xuất; dẫn ra; dành; bớt; cử; lấy ra; tách ra; đưa ra; tháo ra; chọn ra (một phần); trổ; nảy; đâm ra; mọc ra; hút; bơm; co; rút; ngắn lại; co vào; rút vào; nhỏ đi; quất; đánh; vụt";""
夸;kuā;KHOA;"khoác lác; nói khoác; khoe khoang; phóng đại; thổi phồng; khen; khen ngợi";""
务;wù;VỤ;"việc; sự việc; trạm gác thu thuế (thời xưa, nay chỉ dùng làm tên đất); họ Vụ";""
衰;cuī, shuāi;THÔI;"giảm bớt, suy vong";""
替;tì;THẾ;"thay thế; thay; giúp; suy tàn (triều đại); dừng; hoãn";""
规;guī;QUY;"com-pa (dụng cụ vẽ hình tròn); quy tắc; quy định; luật lệ; máy đo; đồng hồ đo; họ Quy";""
潜;qián;TIỀM;"lặn; ẩn náu; ẩn nấp; tiềm";""
危;wēi;NGUY;"nguy; nguy hiểm; không an toàn; ngay ngắn; chính trực; nguy; nguy kịch; chết; sắp chết (sắp chết); cao (lầu)";""
躲;duǒ;ĐÓA;"tránh; tránh né; trốn; giấu; nấp";""
尚可;shàngkě;THƯỢNG KHẢ;"tạm ổn; tạm được; cũng được";""
废墟;fèixū;PHẾ HƯ;"đống hoang tàn; đống đổ nát; đống gạch vụn";""
杜绝;dùjué;ĐỖ TUYỆT;"ngăn chặn; tiêu diệt; diệt sạch";""
投入;tóurù;ĐẦU NHẬP;"bước vào; tham gia; dấn thân vào";""
污秽;wūhuì;Ô UẾ;"dơ; bẩn; dơ bẩn";""
可惜;kěxī;KHẢ TÍCH;"đáng tiếc; tiếc là; tiếc thay";""
瓶颈;píngjǐng;BÌNH CẢNH;"điểm nghẽn; khó khăn; trở ngại";""
融化;rónghuà;DUNG HOÁ;"tan; hoà tan; tan chảy";""
偏偏;piānpiān;THIÊN THIÊN;"lại; cứ; cố ý";""
玫瑰;méigui;MAI CÔI;"hoa hồng; cây hoa hồng";""
酸痛;suāntòng;TOAN THỐNG;"đau mỏi; đau nhức; nhức mỏi (thân thể)";""
心胸狭隘;xīnxiōng xiá'ài;TÂM HUNG HIỆP ẢI;"nhỏ nhen, hẹp hòi; nhỏ nhen";""
暴躁;bàozào;BẠO TÁO;"nóng nảy; cáu kỉnh; nổi nóng";""
惩罚;chéngfá;TRỪNG PHẠT;"phạt; nghiêm trị; nghiêm khắc trừng trị";""
投;tóu;ĐẦU;"ném; quăng; bỏ vào";""
切勿;qiè wù;THIẾT VẬT;"chớ; cấm; không nên";""
一顿;yī dùn;NHẤT ĐỐN;"một bữa; một lần; một hồi";""
枉费;wǎngfèi;UỔNG PHÍ;"uổng phí; vô ích; uổng công";""
携带;xiédài;HUỀ ĐỚI;"mang theo; xách tay; mang đi cùng";""
考核;kǎohé;KHẢO HẠCH;"sát hạch; khảo hạch; khảo sát đánh giá";""
窃贼;qièzéi;THIẾT TẶC;"kẻ trộm; kẻ cắp; tên trộm";""
厚道;hòudao;HẬU ĐẠO;"phúc hậu; hiền hậu; Đài Loan đọc là [hòu dào]";""
调料;tiáoliào;ĐIỀU LIỆU;"gia vị; đồ gia vị";""
熟悉;shúxi;THỤC TẤT;"hiểu rõ; quen thuộc; quen (người, tình huống nào đó)";""
地道;dìdao;ĐỊA ĐẠO;"thuần túy; chân chính; chính gốc";""
熬夜;áoyè;NGAO DẠ;"thức khuya; thức đêm; thức sáng đêm";""
犒劳;kàoláo;KHAO LAO;"khao; đãi; thưởng";""
不吝;bùlìn;BẤT LẬN;"vui lòng; không tiếc (dùng khi trưng cầu ý kiến)";""
枢纽;shūniǔ;KHU NỮU;"đầu mối then chốt; đầu mối trọng yếu";""
不仅;bùjǐn;BẤT CẨN;"không chỉ; không những; chẳng những";""
趋势;qūshì;XU THẾ;"xu thế; chiều hướng; xu hướng";""
苗条;miáotiao;MIÊU ĐIỀU;"thanh mảnh; mảnh khảnh; mảnh mai";""
托;tuō;THÁC;"nâng; đỡ; đựng";""
际;jì;TẾ;"bờ; ranh giới; bờ bến";""
依赖;yīlài;Y LẠI;"ỷ lại; phụ thuộc vào; dựa vào";""
草稿;cǎogǎo;THẢO CẢO;"bản nháp; bản thảo; thảo bản";""
智慧;zhìhuì;TRÍ TUỆ;"trí tuệ; trí khôn; thông minh";""
灾;zāi;TAI;"tai hoạ; thảm họa; tai nạn";""
漂泊;piāobó;PHIÊU BẠC;"phiêu bạt; lang thang; phất phưởng";""
背景;bèijǐng;BỐI CẢNH;"phông; cảnh; nền";""
忽视;hūshì;HỐT THỊ;"xem nhẹ; coi nhẹ; bỏ qua";""
哲学;zhéxué;TRIẾT HỌC;"triết học";""
惆怅;chóuchàng;TRÙ TRƯỚNG;"phiền muộn; thương cảm; rầu rĩ";""
一刻;yīkè;NHẤT KHẮC;"khoảnh khắc; giây phút; 1 khắc";""
气氛;qìfēn;KHÍ PHÂN;"không khí; bầu không khí";""
矿泉水;kuàngquán shuǐ;KHOÁNG TUYỀN THỦY;"nước khoáng; nước suối";""
咳嗽;késou;KHÁI THẤU;"ho; ho hen; húng hắng";""
燃烧;ránshāo;NHIÊN THIÊU;"cháy; bùng cháy; bốc cháy";""
煎熬;jiān'áo;TIÊN NGAO;"dằn vặt; dày vò; chịu đựng";""
故障;gùzhàng;CỐ CHƯỚNG;"lỗi; trục trặc; hỏng hóc";""
就算;jiùsuàn;TỰU TOÁN;"dù; cho dù; ngay cả";""
宏观;hóngguān;HOÀNH QUAN;"vĩ mô";""
愤怒;fènnù;PHẪN NỘ;"phẫn nộ; căm phẫn; tức giận";""
枷锁;jiāsuǒ;GIA TOẢ;"gông xiềng; gông cùm; xiềng xích";""
羁绊;jībàn;KI BÁN;"ràng buộc; trói buộc; bó buộc";""
花拳绣腿;huāquánxiùtuǐ;HOA QUYỀN TÚ THỐI;"khoa chân múa tay; phô trương (chỉ múa may tỏ vẻ biết võ, chứ không hề biết võ, làm ra vẻ có năng lực nhưng thật sự bất tài.)";""
埋怨;mányuàn;MAI OÁN;"oán trách; oán hận; trách móc";""
枯竭;kūjié;KHÔ KIỆT;"khô cạn; cạn kiệt; khô kiệt (sức khoẻ, tài sản)";""
稍等;shāo děng;SẢO ĐẲNG;"đợi một chút; chờ một chút";""
糟糕;zāogāo;TAO CAO;"tệ; hỏng; hỏng bét";""
摧毁;cuīhuǐ;TỒI HUỶ;"phá huỷ; phá tan; đập tan";""
露馅;lòuxiàn;LỘ HÃM;"lộ; lộ tẩy; bại lộ";""
待续;dài xù;ĐÃI TỤC;"còn tiếp; còn nữa; còn tiếp tục";""
触摸;chùmō;XÚC MÔ;"chạm; đụng; sờ mó";""
堵车;dǔchē;ĐỔ XA;"kẹt xe; tắc đường; ùn tắc giao thông";""
逛街;guàngjiē;CUỐNG NHAI;"mua sắm; dạo phố; dạo bộ";""
洗碗;xǐ wǎn;TẨY OẢN;"rửa bát; rửa chén";""
若干;ruògān;NHƯỢC CAN;"vài; một vài; một số";""
纵横;zònghéng;TUNG HOÀNH;"ngang dọc; ngang và dọc; dọc ngang";""
治愈;zhìyù;TRỊ DŨ;"chữa khỏi; chữa lành";""
赐予;cìyǔ;TỨ DỮ;"thưởng; tặng; ban tặng";""
嘲笑;cháoxiào;TRÀO TIẾU;"chế giễu; chê cười, chế nhạo; cười giễu";""
灿烂;cànlàn;XÁN LẠN;"xán lạn; rực rỡ; sáng rực";""
至少;zhìshǎo;CHÍ THIỂU;"chí ít; ít nhất; ít ra";""
即使;jíshǐ;TỨC SỬ;"cho dù; dù cho; dẫu cho";""
辜负;gūfù;CÔ PHỤ;"phụ lòng; làm thất vọng; không xứng với";""
珍惜;zhēnxī;TRÂN TÍCH;"quý trọng; trân trọng; trân quý";""
骷髅;kūlóu;KHÔ LÂU;"Xương sọ; bộ xương";""
新颖;xīnyǐng;TÂN DĨNH;"mới mẻ; mới lạ";""
关键;guānjiàn;QUAN KIỆN;"mấu chốt; điều quan trọng; nhân tố quyết định";""
混乱;hùnluàn;HỖN LOẠN;"hỗn loạn; lẫn lộn; pha trộn";""
逻辑;luójí;LA TẬP;"luận lý; tư duy; luận lý học";""
效率;xiàolǜ;HIỆU LUẬT;"hiệu suất; năng suất (làm việc)";""
催促;cuīcù;THÔI XÚC;"thúc; giục; thúc giục";""
安慰;ānwèi;AN UÝ;"an ủi; xoa dịu; dỗ dành";""
沐浴;mùyù;MỘC DỤC;"được tắm; được gội; tắm";""
荡漾;dàngyàng;ĐÃNG DẠNG;"gợn sóng; dập dờn; trầm bổng";""
朝朝暮暮;zhāo zhāo mù mù;TRIÊU TRIÊU MỘ MỘ;"mọi lúc; ngày đêm; triền miên";""
衡量;héngliáng;HÀNH LƯỢNG;"so sánh; đánh giá; nhận định";""
新鲜;xīnxiān;TÂN TIÊN;"tươi; tươi mới (đồ ăn, hoa, máu,...); trong lành (không khí)";""
干戈;gāngē;CAN QUA;"can qua (ví với chiến tranh)";""
睚眦;yázì;NHAI TÍ;"trừng mắt; trợn mắt (oán giận)";""
侮辱;wǔrǔ;VŨ NHỤC;"làm nhục; sỉ nhục; lăng mạ";""
挑唆;tiǎosuō;KHIÊU TOA;"xúi giục; xúi bẩy";""
试图;shìtú;THÍ ĐỒ;"cố gắng; nỗ lực; tìm cách";""
忐忑;tǎntè;THẢM THẮC;"thấp thỏm; sốt ruột; không yên; bồn chồn; lo lắng không yên";""
荣誉;róngyù;VINH DỰ;"vinh dự; vẻ vang";""
持续;chíxù;TRÌ TỤC;"duy trì; kéo dài; tiếp tục; tiếp diễn";""
轩昂;xuān'áng;HIÊN NGANG;"ngẩng cao đầu; hiên ngang";""
放弃;fàngqì;PHÓNG KHÍ;"vứt bỏ; vứt đi; bỏ đi; từ bỏ";""
宽窄;kuānzhǎi;KHOAN TRÁCH;"rộng hẹp; bề rộng; bề ngang; khổ (diện tích, phạm vi)";""
拯救;zhěngjiù;CHỬNG CỨU;"cứu; cứu giúp; cứu trợ; giải cứu";""
呼唤;hūhuàn;HÔ HOÁN;"kêu gọi; kêu gào; kêu to; gào to; hô hoán";""
季节;jìjié;QUÝ TIẾT;"mùa; vụ; kỳ; thời vụ; thời kỳ";""
害羞;hàixiū;HẠI TU;"thẹn thùng; mắc cỡ; ngại ngùng; ngượng ngùng; ngại";""
拥挤;yōngjǐ;ỦNG TỄ;"chen; chen chúc; chen nhau; chen lấn; đông";""
在乎;zàihu;TẠI HỒ;"lưu ý; để ý; lưu tâm; quan tâm (thường dùng ở thể phủ định); ở";""
触碰;chù pèng;XÚC BÍNH;"chạm; đụng; đụng chạm; đề cập; đụng đến";""
竟敢;jìng gǎn;CÁNH CẢM;"lại dám";""
傀儡;kuǐlěi;QUỶ LỖI;"con rối; con rối bằng gỗ; con rối; bù nhìn; bung xung (chỉ người bị điều khiển, thường dùng trong chính trị)";""
凭条;píng tiáo;BẰNG ĐIỀU;"phiếu; biên lai";""
公告;gōnggào;CÔNG CÁO;"công bố; thông cáo; thông báo; tuyên cáo";""
拆迁;chāiqiān;SÁCH THIÊN;"phá dỡ; tháo dỡ; di dời; giải phóng; giải tỏa (mặt bằng)";""
乌龟;wūguī;Ô QUY;"rùa; con rùa";""
借口;jièkǒu;TÁ KHẨU;"mượn cớ; lấy cớ; viện cớ; kiếm cớ; gá tiếng; vin cớ";""
温柔;wēnróu;ÔN NHU;"dịu dàng; mềm mại; hoà nhã; thuỳ mị; điềm đạm; nhẹ nhàng (thường dùng đối với nữ giới)";""
来临;láilín;LAI LÂM;"đến; về; tới; đi lại; đi tới; đến gần";""
绊倒;bàndǎo;BÁN ĐẢO;"vấp; trượt; vấp ngã; vấp té; ngáng đường; ngáng chân";""
稍微;shāowēi;SẢO VI;"hơi; sơ qua; một chút; hơi hơi";""
幽默;yōumò;U MẶC;"hài hước; hóm hỉnh; dí dỏm; vui tính; tếu táo; hài";""
详细;xiángxì;TƯỜNG TẾ;"kỹ càng; tỉ mỉ; chi tiết; cụ thể; tinh tường";""
估计;gūjì;CỔ KẾ;"phỏng đoán; đoán chừng; dự đoán; ước chừng";""
尤其;yóuqí;VƯU KỲ;"càng; nhất là; đặc biệt là";""
羡慕;xiànmù;TIỆN MỘ;"ngưỡng mộ; ước ao; hâm mộ; đố kỵ; ghen ghét; thèm muốn";""
晚霞;wǎnxiá;VÃN HÀ;"ráng chiều";""
琵琶;pípa;TÌ BÀ;"đàn tì bà; đàn tỳ bà";""
讨厌;tǎoyàn;THẢO YẾM;"đáng ghét; phiền phức";""
媒体;méitǐ;MÔI THỂ;"truyền thông; giới truyền thông; cánh truyền thông; truyền thông phương tiện";""
效力;xiàolì;HIỆU LỰC;"hiệu lực; tác dụng; hiệu quả";""
搞砸;gǎo zá;CẢO TẠP;"làm hỏng; làm sai";""
解释;jiěshì;GIẢI THÍCH;"giải thích; giảng giải; giải nghĩa; cắt nghĩa; nói rõ hàm ý; nói rõ nguyên nhân; nói rõ lí do";""
严厉;yánlì;NGHIÊM LỆ;"nghiêm; nghiêm khắc; cứng rắn";""
鼓励;gǔlì;CỔ LỆ;"cổ vũ; khuyến khích; khích lệ; động viên";""
皮肤;pífū;BÌ PHU;"da; da dẻ; làn da; skin; trang phục (trò chơi)";""
翅膀;chìbǎng;SÍ BÀNG;"cánh; đôi cánh; cánh (bộ phận giống cánh)";""
碰巧;pèngqiǎo;BÍNH XẢO;"may; tình cờ; vừa hay; trùng hợp; vừa vặn; đúng lúc";""
诚恳;chéngkěn;THÀNH KHẨN;"chân thành; trung thực; thật thà; thành thật";""
胸膛;xiōngtáng;HUNG THANG;"ngực; lồng ngực";""
节奏;jiézòu;TIẾT TẤU;"nhịp nhàng; tiết tấu; nhịp độ; tiết tấu; nhịp điệu (trong âm nhạc)";""
情绪;qíngxù;TÌNH TỰ;"trạng thái; tâm lý; cảm xúc (trong một khoảng thời gian); hứng thú; háo hức; hào hứng; hứng khởi; nỗi buồn; ưu tư; suy tư; bực bội; bực dọc";""
奖惩;jiǎngchéng;TƯỞNG TRỪNG;"thưởng phạt; thưởng và phạt";""
额头;étóu;NGẠCH ĐẦU;"trán";""
侦探;zhēntàn;TRINH THÁM;"gián điệp; trinh sát; tình báo; thám tử";""
跟踪;gēnzōng;CÂN TUNG;"theo dõi; bám theo; theo gót; theo sát; theo dấu";""
投诉;tóusù;ĐẦU TỐ;"khiếu nại; phản ánh";""
扶梯;fútī;PHÙ THÊ;"thang cuốn";""
立即;lìjí;LẬP TỨC;"liền; ngay; lập tức; tức khắc; ngay lập tức";""
飘荡;piāodàng;PHIÊU ĐÃNG;"phất phới; phất phơ; dập dềnh; bồng bềnh; bay bổng; phiêu đãng; phiêu bạt; trôi giạt; lênh đênh; bềnh bồng; bập bềnh; di động";""
固执;gùzhi;CỐ CHẤP;"cố chấp; cứng đầu; ngoan cố; khăng khăng";""
翌日;yìrì;DỰC NHẬT;"ngày mai; ngày hôm sau";""
出席;chūxí;XUẤT TỊCH;"dự họp; tham dự; có mặt; đến dự";""
嬉戏;xīxì;HI HÍ;"vui chơi; vui đùa; nô đùa";""
沧桑;cāngsāng;THƯƠNG TANG;"bể dâu; thăng trầm; thịnh suy; từng trải; thay đổi; trắc trở";""
热衷;rèzhōng;NHIỆT TRUNG;"thích; rất thích; đam mê; hăm hở (theo đuổi danh lợi quyền thế)";""
粉丝;fěnsī;PHẤN TI;"fan; người hâm mộ; miến";""
悠久;yōujiǔ;DU CỬU;"lâu đời";""
症状;zhèngzhuàng;CHỨNG TRẠNG;"bệnh trạng; triệu chứng";""
凌乱;língluàn;LĂNG LOẠN;"hỗn độn; ngổn ngang; lộn xộn; bừa bộn";""
菩萨;púsà;BỒ TÁT;"Phật; Bồ Tát; thần Phật; tấm lòng Bồ Tát";""
绵绵;miánmián;MIÊN MIÊN;"triền miên; liên miên; miên man";""
乞讨;qǐtǎo;KHẤT THẢO;"ăn mày; xin xỏ";""
拥抱;yōngbào;ỦNG BÃO;"ôm; ôm nhau";""
淅沥;xīlì;TÍCH LỊCH;"tí tách; rả rích (từ tượng thanh, tiếng mưa nhỏ)";""
汹汹;xiōngxiōng;HUNG HUNG;"rào rạt (âm thanh sóng nước); khí thế to lớn (mang ý nghĩa xấu); náo nhiệt; ồn ào";""
地势;dìshì;ĐỊA THẾ;"địa thế; hình thế; địa hình";""
频繁;pínfán;TẦN PHỒN;"gia tăng; dày đặc; nhiều lần; tới tấp; thường xuyên";""
财务;cáiwù;TÀI VỤ;"tài vụ; tài chính; kế toán";""
商业;shāngyè;THƯƠNG NGHIỆP;"thương nghiệp; thương mại";""
添加;tiānjiā;THIÊM GIA;"thêm; thêm vào; cho thêm";""
建议;jiànyì;KIẾN NGHỊ;"kiến nghị; khuyên; góp ý; đề nghị";""
导航;dǎoháng;ĐẠO HÀNG;"hướng dẫn; dẫn đường; điều hướng; định vị (tàu thuyền hoặc máy bay)";""
堵塞;dǔsè;ĐỔ TẮC;"tắc nghẽn; ngăn chặn";""
滞;zhì;TRỆ;"đình trệ; ngưng đọng; ứ đọng; không thông; kẹt lại";""
特殊;tèshū;ĐẶC THÙ;"đặc thù; đặc biệt";""
眼眶;yǎnkuàng;NHÃN KHUÔNG;"viền mắt; vành mắt; quầng mắt";""
湿润;shīrùn;THẤP NHUẬN;"ướt đẫm; ướt; ẩm; ẩm ướt; ẩm thấp (đất đai, không khí...)";""
诉说;sùshuō;TỐ THUYẾT;"kể ra; nói ra; kể về; giãi bày; tâm sự; bày tỏ";""
余生;yúshēng;DƯ SINH;"cuối đời; quãng đời còn lại";""
结尾;jiéwěi;KẾT VĨ;"phần cuối; phần kết; cuối bài; giai đoạn cuối; lời nói cuối; hành động cuối cùng; giai đoạn kết thúc";""
禁止;jìnzhǐ;CẤM CHỈ;"cấm; cấm đoán; ngăn chặn; không cho phép";""
露珠;lùzhū;LỘ CHÂU;"giọt sương; hạt sương; lộ";""
激烈;jīliè;KÍCH LIỆT;"gay gắt; gay go; kịch liệt; quyết liệt; sôi nổi; dữ dội; mạnh mẽ; mãnh liệt; kịch liệt";""
手段;shǒuduàn;THỦ ĐOẠN;"cách; phương pháp; phương tiện; mánh khoé; thủ đoạn; bản lĩnh; tài năng";""
玻璃窗;bōli chuāng;PHA LI SONG;"cửa sổ kính";""
放过;fàngguò;PHÓNG QUÁ;"tha đi, bỏ qua, tha cho";""
折扣;zhékòu;CHIẾT KHẤU;"chiết khấu; giảm giá; thiếu hụt; giảm bớt";""
筛选;shāixuǎn;SI TUYẾN;"lọc; chọn lọc; sàng lọc";""
闺;guī;KHUÊ;"cửa tò vò (cửa trên tròn dưới vuông); khuê phòng (chỗ con gái ở)";""
慈祥;cíxiáng;TỪ TƯỜNG;"hiền từ; hiền hậu; đôn hậu; tử tế; ân cần (thái độ, thần sắc của người già)";""
轻易;qīngyì;KHINH DỊ;"tùy tiện";""
怀里;huái lǐ;HOÀI LÍ;"ngực; lòng; trong lòng; lồng ngực; trên tay";""
允许;yǔnxǔ;DOÃN HỨA;"cho phép; đồng ý; được phép";""
方便;fāngbiàn;PHƯƠNG TIỆN;"thuận lợi; thuận tiện; tiện";""
丢人;diūrén;ĐÂU NHÂN;"mất mặt; xấu mặt; mất thể diện; bẽ mặt";""
梳理;shūlǐ;SƠ LÍ;"chải (râu, tóc); sắp xếp; phân loại";""
充电;chōngdiàn;SUNG ĐIỆN;"nạp điện; sạc điện; sạc pin; nâng cao; cập nhật; học hỏi";""
堵住;dǔzhù;ĐỔ TRÚ;"ứ; tắc; chặn; đọng; nghẹt; bịt kín; làm nghẽn";""
顺畅;shùnchàng;THUẬN SƯỚNG;"suôn sẻ; trôi chảy; thuận lợi; thông suốt; thông thoáng; mượt mà";""
针灸;zhēnjiǔ;CHÂM CỨU;"châm cứu";""
数据;shùjù;SỐ CỨ;"số liệu; dữ liệu";""
肥胖;féipàng;PHÌ BÀN;"mập; béo; béo phì; to béo";""
封锁;fēngsuǒ;PHONG TOẢ;"chặn; toả; phong toả; bao vây; phong toả (áp dụng những biện pháp quân sự, không cho thông hành)";""
诽谤;fěibàng;PHỈ BÁNG;"nói xấu; phỉ báng; gièm pha";""
冲突;chōngtū;XUNG ĐỘT;"xung đột; mâu thuẫn; bất đồng; đụng chạm; công kích; mâu thuẫn; trái ngược; xung đột";""
遗憾;yíhàn;DI HÁM;"tiếc; đáng tiếc; tiếc nuối; lấy làm tiếc";""
初恋;chūliàn;SƠ LUYẾN;"mối tình đầu; tình yêu đầu tiên";""
基础;jīchǔ;CƠ SỞ;"cơ bản; nền tảng; cơ sở; căn bản; nền móng; móng";""
谚语;yànyǔ;NGẠN NGỮ;"ngạn ngữ";""
柜台;guìtái;QUỸ ĐÀI;"quầy; quầy hàng";""
领取;lǐngqǔ;LĨNH THỦ;"lĩnh; nhận; lãnh";""
旨在;zhǐ zài;CHỈ TẠI;"nhằm; nhắm đến (mục đích gì đó)";""
字幕;zìmù;TỰ MẠC;"phụ đề; chữ thuyết minh (trên màn ảnh, sân khấu)";""
移除;yíchú;DI TRỪ;"gỡ bỏ; di dời; dời đi; xóa bỏ; loại bỏ";""
确实;quèshí;XÁC THỰC;"thực sự; xác thực; chính xác; đích xác";""
搞坏;gǎo huài;CẢO HOẠI;"bét; làm hỏng; phá hỏng";""
摔断;shuāi duàn;SUẤT ĐOẠN;"gãy; gãy xương do ngã; làm vỡ; làm rơi và vỡ";""
暑假;shǔjià;THỬ GIÁ;"nghỉ hè; kỳ nghỉ hè";""
铺垫;pūdiàn;PHÔ ĐIẾM;"làm nền; làm đệm phóng; tạo tiền đề; trải; lót";""
倾听;qīngtīng;KHUYNH THÍNH;"lắng nghe; chú ý nghe";""
概念;gàiniàn;KHÁI NIỆM;"khái niệm; ý niệm";""
比喻;bǐyù;TỈ DỤ;"ví; ví von; so sánh";""
魔法;mófǎ;MA PHÁP;"ma thuật; phép thuật; ảo thuật";""
耐心;nàixīn;NẠI TÂM;"kiên trì; kiên nhẫn; nhẫn nại";""
甚至;shènzhì;THẬM CHÍ;"thậm chí; ngay cả; đến nỗi; hơn nữa";""
控制;kòngzhì;KHỐNG CHẾ;"kiềm chế; kiểm soát; điều khiển; làm chủ; khống chế; kiểm soát";""
分泌;fēnmì;PHÂN BÍ;"tiết; tiết ra";""
差不多;chàbuduō;SAI BẤT ĐA;"như nhau; tương tự; na ná nhau; tựa tựa nhau; gần giống nhau; gần như; hầu như; tàm tạm; tương đối; gần hết; gần xong";""
受害者;shòuhàizhě;THỤ HẠI GIẢ;"nạn nhân; người bị hại";""
视频;shìpín;THỊ TẦN;"video; băng hình";""
旅程;lǚchéng;LỮ TRÌNH;"lữ trình; lộ trình; hành trình; chặng đường đi";""
姿态;zītài;TƯ THÁI;"tư thế; dáng dấp; điệu bộ; dáng vẻ; thái độ; phong thái";""
相伴;xiāngbàn;TƯƠNG BẠN;"đồng hành; ở bên; bầu bạn";""
四季;sìjì;TỨ QUÝ;"bốn mùa";""
喜悦;xǐyuè;HỈ DUYỆT;"hồ hởi; vui mừng; vui sướng; vui thích; khoái trá; thích thú";""
为啥;wèi shá;VỊ XÁ;"tại sao";""
照顾;zhàogù;CHIẾU CỐ;"chăm sóc; săn sóc; trông nom; xem xét; chú ý; tính đến; chiếu cố; chú ý đặc biệt; quan tâm; ủng hộ";""
监控;jiānkòng;GIÁM KHỐNG;"quản chế; theo dõi; CCTV; giám sát và điều khiển";""
焦虑;jiāolǜ;TIÊU LỰ;"lo nghĩ; lo âu; lo lắng; hồi hộp";""
抑郁;yìyù;ỨC ÚC;"trầm cảm";""
改革;gǎigé;CẢI CÁCH;"cải cách; cải tiến; đổi mới (thường là chế độ, chính sách...)";""
内卷;nèi juǎn;NỘI QUYỂN;"cạnh tranh";""
互联网;hùliánwǎng;HỖ LIÊN VÕNG;"internet; mạng xã hội";""
一晃;yīhuàng;NHẤT HOẢNG;"chớp mắt; nhoáng cái";""
纷纷;fēnfēn;PHÂN PHÂN;"loạn xạ; lả tả; hỗn loạn; rối rắm";""
牛逼;niú bī;NGƯU BỨC;"đỉnh; giỏi; ngầu; tuyệt vời; lợi hại; trâu bò; tài giỏi; xuất sắc";""
瞬间;shùnjiān;THUẤN GIAN;"chốc lát; giây phút; khoảnh khắc; trong chớp mắt; trong nháy mắt";""
崩溃;bēngkuì;BĂNG HỘI;"suy sụp; tan vỡ; sụp đổ";""
犯规;fànguī;PHẠM QUY;"phạm luật; phạm lỗi; phạm quy";""
揣摩;chuǎimó;SỦY MA;"đoán; phỏng đoán; ước đoán; nghiền ngẫm";""
坚固;jiāngù;KIÊN CỐ;"kiên cố; vững chắc; vững vàng; chắc chắn";""
结实;jiēshi;KẾT THỰC;"bền; chắc; kiên cố; chắc chắn; rắn chắc; khỏe mạnh; cường tráng";""
病菌;bìngjūn;BỆNH KHUẨN;"vi khuẩn; vi khuẩn gây bệnh";""
最终;zuìzhōng;TỐI CHUNG;"cuối; cuối cùng; sau cùng";""
着呢;zhene;TRƯỚC NI;"lắm";""
亲手;qīnshǒu;THÂN THỦ;"tự tay; chính tay";""
屏幕;píngmù;BÌNH MẠC;"màn hình";""
残忍;cánrěn;TÀN NHẪN;"tàn nhẫn; hung ác; độc địa; tàn ác";""
供奉;gòngfèng;CUNG PHỤNG;"phụng dưỡng; cung phụng; thờ cúng; cung cấp; cung ứng";""
寺庙;sìmiào;TỰ MIẾU;"đền; chùa; ngôi đền; chùa miếu; chùa chiền";""
优雅;yōuyǎ;ƯU NHÃ;"tao nhã; thanh nhã; thanh lịch";""
丈;zhàng;TRƯỢNG;"chồng; trượng; ông (tôn xưng những người đàn ông già cả)";""
成熟;chéngshú;THÀNH THỤC;"hoàn thiện; cẩn thận; chín chắn; kỹ càng; chín muồi; thích hợp; dày dặn";""
轻松;qīngsōng;KHINH TÙNG;"dễ dàng; thư giản; ung dung; nhẹ nhõm; thoải mái";""
挫折;cuòzhé;TOẢ CHIẾT;"khó khăn; trở ngại; thất bại; trắc trở; sự cản trở";""
游戏;yóuxì;DU HÍ;"trò chơi";""
扩张;kuòzhāng;KHUẾCH TRƯƠNG;"mở rộng; bành trướng; khuếch trương; giãn; nở";""
违抗;wéikàng;VI KHÁNG;"chống lại; làm trái; không tuân theo";""
新娘;xīnniáng;TÂN NƯƠNG;"cô dâu; tân nương";""
迷人;mírén;MÊ NHÂN;"quyến rũ; hấp dẫn; thu hút; cuốn hút; lôi cuốn";""
格外;géwài;CÁCH NGOẠI;"đặc biệt; vô cùng; cực kỳ; hết sức; rất đỗi; riêng; ngoài ra; đặc biệt (làm)";""
舍不得;shěbude;XẢ BẤT ĐẮC;"không nỡ; luyến tiếc; tiếc rẻ";""
公寓;gōngyù;CÔNG NGỤ;"căn hộ; chung cư; khu chung cư";""
抄送;chāo sòng;SAO TỐNG;"gửi bản sao; đưa bản sao";""
录取;lùqǔ;LỤC THỦ;"tuyển chọn; nhận vào; lấy; ghi lại";""
包括;bāokuò;BAO QUÁT;"gồm; có; bao gồm; bao quát; gồm có; tính đến; kể cả; chất chứa";""
美食;měishí;MĨ THỰC;"món ngon; ẩm thực";""
安装;ānzhuāng;AN TRANG;"lắp; ráp; lắp ráp; lắp đặt; cài đặt; cài phần mềm";""
套餐;tàocān;SÁO XAN;"suất; phần; phần ăn; suất ăn; gói; gói cước";""
限额;xiàn'é;HẠN NGẠCH;"hạn ngạch; hạn mức";""
观众;guānzhòng;QUAN CHÚNG;"khán giả; người xem; quần chúng; công chúng";""
训练;xùnliàn;HUẤN LUYỆN;"huấn luyện; tập luyện; tôi luyện; rèn luyện";""
尽管;jǐnguǎn;TẪN QUẢN;"cứ; cứ việc";""
大概;dàgài;ĐẠI KHÁI;"độ; tầm; chắc; khoảng chừng; có thể; có lẽ; rất có thể";""
比较;bǐjiào;TỶ GIẢO;"so với; hơn; so sánh; so đo; sánh cùng";""
心脏;xīnzàng;TÂM TẠNG;"tim; trái tim; trung tâm; nền tảng; trọng tâm; cốt lõi";""
传递;chuándì;TRUYỀN ĐỆ;"chuyền; chuyển; truyền đạt; truyền tải";""
相当;xiāngdāng;TƯƠNG ĐƯƠNG;"tương đương; ngang nhau";""
毫无;háo wú;HÀO VÔ;"không; không hề; không chút; không có";""
天涯海角;tiānyáhǎijiǎo;THIÊN NHAI HẢI GIÁC;"chân trời góc biển; chân mây cuối trời; chân mây mặt bể; đầu ghềnh cuối biển";""
到达;dàodá;ĐÁO ĐẠT;"đến; tới (một địa điểm, một giai đoạn nào đó)";""
正常;zhèngcháng;CHÍNH THƯỜNG;"bình thường; như thường";""
拖延;tuōyán;ĐÀ DIÊN;"kéo dài; trì hoãn; dây dưa; cò cưa; lề mề";""
赞助;zànzhù;TÁN TRỢ;"tài trợ; đồng ý giúp đỡ";""
逝世;shìshì;THỆ THẾ;"từ trần; tạ thế; qua đời";""
隐藏;yǐncáng;ẨN TÀNG;"giấu; trốn; ẩn trốn; che giấu; trốn tránh; giấu kín";""
串;chuàn;XUYẾN;"xuyên suốt; kết ghép; gắn bó; ăn khớp; cấu kết; móc nối; thông đồng; thông lưng (làm chuyện xấu); lẫn; nối nhầm; nhầm lẫn; lạc; lang thang; lòng vòng; sắm vai; đóng vai (trong hí khúc); trộn; xáo trộn; pha trộn (thay đổi đặc tính ban đầu)";""
复制;fùzhì;PHỤC CHẾ;"copy; phục chế; sao chép; lặp lại; làm lại; phục dựng";""
新增;xīn zēng;TÂN TĂNG;"tăng thêm; bổ sung; thêm mới";""
互动;hùdòng;HỖ ĐỘNG;"tương tác";""
网页;wǎngyè;VÕNG HIỆT;"trang mạng; trang web";""
搜索;sōusuǒ;SƯU SÁCH;"tìm tòi; lục soát; lùng tìm; tìm kiếm";""
全选;quán xuǎn;TOÀN TUYỂN;"chọn tất cả";""
拷贝;kǎobèi;KHẢO BỐI;"copy; sao chép; nhân bản; sao chép; sao chép phim";""
未读信息;wèi dú xìnxī;VỊ ĐỘC TÍN TỨC;"tin nhắn chưa đọc";""
模式;móshì;MÔ THỨC;"mẫu; kiểu; khuôn mẫu; mô hình; chế độ";""
况且;kuàngqiě;HUỐNG THẢ;"hơn nữa; vả lại; ngoài ra; vả chăng, huống hồ";""
拼搏;pīnbó;BÍNH BÁC;"nỗ lực; lăn xả; phấn đấu; chiến đấu";""
寂寞;jìmò;TỊCH MỊCH;"cô quạnh, cô đơn; cô đơn lạnh lẽo; vắng lặng; trống vắng; yên tĩnh; hiu quạnh; hiu hắt; tĩnh lặng; hoang vắng";""
位置;wèizhì;VỊ TRÍ;"chỗ; vị trí; địa vị; vị trí";""
冠军;guànjūn;QUÁN QUÂN;"quán quân; vô địch";""
之一;zhī yī;CHI NHẤT;"một trong số; một trong những";""
而且;érqiě;NHI THẢ;"mà còn; với lại";""
授权;shòuquán;THỤ QUYỀN;"trao quyền; giao quyền; uỷ quyền; cho phép";""
总是;zǒng shì;TỔNG THỊ;"luôn luôn; lúc nào cũng; bao giờ cũng; chung quy; vẫn";""
雕刻;diāokè;ĐIÊU KHẮC;"khắc; điêu khắc; chạm trổ; chạm khắc";""
究竟;jiū jìng;CỨU CÁNH;"rốt cuộc (dùng ở câu hỏi)";""
雕塑;diāosù;ĐIÊU TỐ;"tượng; tượng điêu khắc";""
窗前;Chuāng qián;SONG TIỀN;"trước cửa sổ";""
踪迹;zōng jì;TUNG TÍCH;"dấu vết; tung tích; vết tích; dấu tích";""
伺候;cìhou;TỨ HẬU;"hầu hạ; phục dịch; phục vụ; chăm sóc";""
趁着;chènzhe;SẤN TRƯỚC;"nhân lúc; tranh thủ; lợi dụng";""
恢复;huīfù;KHÔI PHỤC;"khôi phục; trở lại; phục hồi; hồi sinh; khôi phục";""
报酬;bào chou;BÁO THÙ;"tiền công; thù lao; công được trả";""
嘴脸;zuǐliǎn;CHUỶ KIỂM;"diện mạo; mặt mũi; bộ mặt; vẻ mặt (thường mang nghĩa xấu)";""
采摘;cǎizhāi;THẢI TRÍCH;"bẻ; hái; ngắt (hoa, lá, quả)";""
灰尘;huīchén;HÔI TRẦN;"bụi; bụi đất; bụi bặm";""
寥寥;liáoliáo;LIÊU LIÊU;"lác đác; cực ít; rất ít";""
赶走;gǎn zǒu;CẢN TẨU;"đuổi đi";""
完毕;wánbì;HOÀN TẤT;"hoàn tất; làm xong; xong xuôi; kết thúc";""
碍事;àishì;NGẠI SỰ;"bất tiện; vướng víu; gây trở ngại";""
稀罕;xīhan;HI HÃN;"hiếm lạ; việc lạ";""
彻底;chèdǐ;TRIỆT ĐỂ;"triệt để; hoàn toàn";""
其他;qítā;KỲ THA;"khác; cái khác; việc khác";""
根据;gēnjù;CĂN CỨ;"căn cứ; dựa vào (điều kiện, lý do)";""
有把握;yǒu bǎwò;HỮU BẢ ÁC;"cầm chắc; Có sự tự tin; Có sự chắc chắn";""
否则;fǒuzé;PHỦ TẮC;"bằng không; nếu không; nếu không thì";""
资质;zīzhì;TƯ CHẤT;"tố chất; tư chất; trí lực; tư bẩm; tố chất con người; tư cách; khả năng nghiệp vụ (mà doanh nghiệp có trong các lĩnh vực như thiết kế và thi công công trình)";""
拜托;bàituō;BÁI THÁC;"nhờ; làm ơn; năn nỉ; xin nhờ; kính nhờ; trông cậy (lời nói kính trọng)";""
撮合;cuòhé;TOÁT HỢP;"làm mối; tác hợp; gán ghép";""
心结;xīnjié;TÂM KẾT;"khúc mức; nút thắt trong lòng";""
后悔;hòuhuǐ;HẬU HỐI;"hối hận; ân hận; hối tiếc";""
鲁莽;lǔmǎng;LỖ MÃNG;"lỗ mãng; thô lỗ; thô bỉ";""
激活;jīhuó;KÍCH HOẠT;"kích hoạt; kích thích (cơ thể); kích thích; kích hoạt (hoạt động)";""
增强;zēngqiáng;TĂNG CƯỜNG;"đề cao; củng cố; tăng cường";""
赋予;fùyǔ;PHÚ DỮ;"giao cho; trao cho; giao phó (nhiệm vụ, sứ mệnh quan trọng); gán cho; mang đến; đem lại; mang lại; làm cho";""
倾尽;qīng jǐn;KHUYNH TẪN;"làm tất cả những gì có thể; để cung cấp cho tất cả một người có; tàn hao";""
咱;zán;CHA;"chúng tôi; chúng ta; tôi; ta; mình";""
恩怨;ēnyuàn;ÂN OÁN;"ân oán";""
提醒;tíxǐng;ĐỀ TỈNH;"nhắc; nhắc nhở";""
脾气;píqi;TÌ KHÍ;"tính tình; tính cách; tính khí";""
欣赏;xīnshǎng;HÂN THƯỞNG;"ngắm; thưởng thức; ngắm nhìn; chiêm ngưỡng; tán thưởng; yêu thích; đánh giá cao";""
玩弄;wánnòng;NGOẠN LỘNG;"vọc; nghịch; chơi đùa; đùa nghịch; bỡn cợt; đùa bỡn; chơi đùa; giỡn cợt; trêu đùa; chọc ghẹo; trêu chọc; bóp méo; đặt điều; thao túng; gây chuyện; xuyên tạc; giở; dùng; giở trò (thủ đoạn, mánh khoé)";""
吃惊;chījīng;NGẬT KINH;"giật mình; hết hồn; hú hồn; sợ hãi; hoảng hốt; sửng sốt; ngạc nhiên; bất ngờ; không ngờ; ngỡ ngàng";""
辨识;biànshí;BIỆN THỨC;"xác định; nhận biết; nhận dạng";""
保健;bǎojiàn;BẢO KIỆN;"bảo vệ; bảo vệ sức khoẻ; chăm sóc y tế; chăm sóc sức khoẻ";""
垃圾桶;lājītǒng;LẠP NGẬP DŨNG;"thùng rác";""
好端端;hǎoduānduān;HẢO ĐOAN ĐOAN;"êm đẹp; yên lành";""
逐渐;zhújiàn;TRỤC TIỆM;"dần dần; từng bước; đang dần";""
诅咒;zǔzhòu;TRỚ CHÚ;"chửi rủa; chửi mắng; nguyền rủa; trù ẻo; trù ếm";""
遗体;yítǐ;DI THỂ;"di thể; di hài; xác";""
牵挂;qiānguà;KHIÊN QUẢI;"bận tâm; bận lòng; lo lắng; quan tâm";""
排序;páixù;BÀI TỰ;"sắp xếp (theo thứ tự)";""
企图;qǐtú;XÍ ĐỒ;"âm mưu; lăm le; mưu tính (nghĩa xấu)";""
废黜;fèichù;PHẾ TRUẤT;"bãi miễn; cách chức; phế truất (chức quan); bãi miễn; phế truất (ngôi vua hoặc đặc quyền)";""
跨国;kuàguó;KHÓA QUỐC;"đa quốc gia; xuyên quốc gia";""
勤奋;qínfèn;CẦN PHẤN;"siêng năng; cần cù; chăm chỉ; chuyên cần";""
缺席;quēxí;KHUYẾT TỊCH;"vắng mặt; thiếu mặt; thiếu vắng; không tham gia";""
褒奖;bāojiǎng;BAO TƯỞNG;"khen thưởng; ban khen";""
浅薄;qiǎnbó;THIỂN BẠC;"kém; nông cạn; thiếu hiểu biết; thiếu kiến thức; nông cạn (cảm xúc; tình cảm); nông cạn (phong cách; phong tục)";""
小鹿;xiǎolù;TIỂU LỘC;"Hươu con; con hươu";""
东拼西凑;dōng pīn xī còu;ĐÔNG BÍNH TÂY THẤU;"chắp vá lung tung; giật đầu cá, vá đầu tôm; giật đầu cá vá đầu tôm";""
岳母;yuèmǔ;NHẠC MẪU;"nhạc mẫu; mẹ vợ";""
名誉;míngyù;DANH DỰ;"danh dự (cá nhân hay tập thể)";""
污蔑;wūmiè;Ô MIỆT;"bôi nhọ; vu khống; làm bẩn; vấy bẩn";""
踏实;tā shi;ĐẠP THỰC;"thiết thực; thực tế; chăm chỉ; yên ổn; yên tâm; thư thái; thoải mái";""
气势;qìshì;KHÍ THẾ;"khí thế";""
考虑;kǎolǜ;KHẢO LỰ;"suy nghĩ; suy xét; cân nhắc; xem xét";""
竟然;jìngrán;CÁNH NHIÊN;"mà; lại; vậy mà; thế mà; không ngờ; thế mà lại (biểu thị sự bất ngờ)";""
宣布;xuānbù;TUYÊN BỐ;"tuyên bố; công bố; thông báo";""
震撼;zhènhàn;CHẤN HÁM;"chấn động; dao động; lay động; rung động";""
添麻烦;tiān máfan;THIÊM MA PHIỀN;"làm phiền; gây rắc rối";""
聘礼;pìnlǐ;SÍNH LỄ;"quà tặng; quà biếu; sính lễ; lễ vật ăn hỏi";""
艰难;jiānnán;GIAN NAN;"khó khăn; gian nan; gian khổ; khốn khổ";""
鄙视;bǐshì;BỈ THỊ;"khinh; xem thường; khinh thường, khinh bỉ; khinh rẻ";""
跳跃;tiàoyuè;KHIÊU DƯỢC;"nhảy";""
天赋;tiānfù;THIÊN PHÚ;"tư chất; tài năng; năng khiếu";""
索性;suǒxìng;SÁCH TÍNH;"dứt khoát; đành; đành vậy; thôi thì; cứ; thì thôi";""
皮毛;pímáo;BÌ MAO;"da lông (động vật); bề mặt; bề nổi; da (người)";""
可怜;kělián;KHẢ LIÊN;"đáng thương; thảm thương; khổ thân; tội nghiệp; thảm; thảm thương; quá ít; quá kém; nghèo nàn (số lượng ít hoặc chất lượng đến mức không đáng nêu lên)";""
到底;dàodǐ;ĐÁO ĐỂ;"rốt cuộc; suy cho cùng (dùng trong câu hỏi); thì ra; vẫn là; tóm lại; rốt cuộc; nói cho cùng; cuối cùng; rốt cuộc";""
并且;bìngqiě;TỊNH THẢ;"và; còn; đồng thời; mà còn (dùng giữa hai động từ,tính từ hoặc cụm từ, biểu thị hai động tác tiến hành cùng lúc hoặc bản chất đồng thời tồn tại.); hơn nữa; đồng thời; vả; mà còn; còn; với lại (dùng ở nửa sau của câu phức, biểu thị ý nghĩa tiến thêm một bước)";""
鉴定;jiàndìng;GIÁM ĐỊNH;"giám định; đánh giá; đánh giá";""
导向;dǎoxiàng;ĐẠO HƯỚNG;"hướng; phương hướng; dẫn hướng";""
舆论;yúlùn;DƯ LUẬN;"dư luận";""
暧昧;àimèi;ÁI MUỘI;"mập mờ; không minh bạch; không rõ ràng (thái độ, dụng ý); đen tối; mờ ám; nhập nhằng; quanh co; ám muội; khả nghi; không quang minh chính đại (hành vi)";""
片刻;piànkè;PHIẾN KHẮC;"một lát; phút chốc; chốc lát; giây phút; khoảnh khắc";""
宇宙;yǔzhòu;VŨ TRỤ;"vũ trụ";""
倾诉;qīngsù;KHUYNH TỐ;"giãi bày; thổ lộ; tâm sự";""
简陋;jiǎnlòu;GIẢN LẬU;"sơ sài; thô sơ; đơn sơ";""
赢得;yíngdé;DOANH ĐẮC;"được; giành được; giành chiến thắng";""
问候;wènhòu;VẤN HẬU;"chào hỏi; thăm hỏi sức khoẻ; gửi lời hỏi thăm";""
可靠;kěkào;KHẢ KHÁO;"tin cậy; đáng tin; tín nhiệm; tin cậy; đáng tin (tin tức; thông tin)";""
良好;liánghǎo;LƯƠNG HẢO;"tốt; hài lòng; tốt lành; tốt đẹp; tốt; giỏi (kết quả kỳ thi)";""
永恒;yǒnghéng;VĨNH HẰNG;"vĩnh hằng; vĩnh viễn; mãi mãi; đời đời bền vững";""
公布;gōngbù;CÔNG BỐ;"công bố; ban bố";""
紧急;jǐnjí;KHẨN CẤP;"khẩn; khẩn cấp; cấp bách; hiểm nghèo";""
失踪;shīzōng;THẤT TUNG;"mất tích; bặt tin";""
诉讼;sùsòng;TỐ TỤNG;"kiện tụng; tố tụng";""
骄傲;jiāo'ào;KIÊU NGẠO;"kiêu ngạo; kiêu căng; ngạo mạn; tự phụ; tự cao; tự hào; kiêu hãnh";""
精彩;jīngcǎi;TINH THẢI;"xuất sắc; ngoạn mục; tuyệt vời; hay tuyệt; đặc sắc; hấp dẫn";""
无可奈何;wúkěnàihé;VÔ KHẢ NẠI HÀ;"hết cách; đành chịu, bất lực";""
货币;huòbì;HÓA TỆ;"tiền; tiền tệ";""
未完;wèiwán;VỊ HOÀN;"chưa xong; chưa rồi; chưa hoàn thành; còn nữa; dở chừng; dở; chưa hoàn thành; chưa xong";""
空调;kōng tiáo;KHÔNG ĐIỀU;"điều hòa";""
舒服;shūfu;THƯ PHỤC;"thoải mái; khoan khoái; dễ chịu, thoải mái";""
逃避;táobì;ĐÀO TỊ;"trốn tránh; chạy trốn; lảng tránh";""
店铺;diànpù;ĐIẾM PHỐ;"cửa hàng; cửa hiệu; cửa tiệm";""
失去;shīqù;THẤT KHỨ;"mất; mất đi";""
执着;zhízhuó;CHẤP TRƯỚC;"cố chấp; kiên trì; kiên định";""
相遇;xiāngyù;TƯƠNG NGỘ;"gặp; gặp nhau; gặp gỡ; tình cờ gặp nhau";""
难过;nánguò;NAN QUÁ;"buồn; khó chịu; đau lòng; buồn bã (tâm trạng); khổ; khó sống; chật vật; không dễ dàng";""
转机;zhuǎnjī;CHUYỂN CƠ;"bước ngoặt; sự chuyển biến (tốt, tích cực)";""
陨落;yǔnluò;VẪN LẠC;"rơi xuống; ra đi; suy tàn; sụp đổ; mất tích (người, quốc gia, sự nghiệp)";""
惦记;diànjì;ĐIẾM KÝ;"nhớ; nhớ đến; nghĩ đến; nhớ nhung; lo lắng";""
无奈;wúnài;VÔ NẠI;"bất lực; bó tay";""
飞跃;fēiyuè;PHI DƯỢC;"nhảy vọt; nhanh chóng; bay nhảy";""
具体;jùtǐ;CỤ THỂ;"cụ thể (có thể thấy và cảm nhận); cụ thể; cụ thể; rõ ràng";""
也许;yěxǔ;DÃ HỨA;"biết đâu; may ra; có lẽ; không biết chừng; biết đâu chừng";""
责怪;zéguài;TRÁCH QUÁI;"trách cứ; trách móc; oán trách; kỳ kèo";""
诸恶莫作;zhū è mò zuò;CHƯ ÁC MẠC TÁC;"không làm việc ác";""
知觉;zhījué;TRI GIÁC;"tri giác; cảm giác";""
革命;gémìng;CÁCH MỆNH;"cách mạng; cuộc cách mạng";""
道歉;dàoqiàn;ĐẠO KHIỂM;"chịu lỗi; xin thứ lỗi; xin nhận lỗi";""
急诊;jízhěn;CẤP CHẨN;"người cần cấp cứu; ca cấp cứu; trường hợp cấp cứu; khoa cấp cứu; phòng cấp cứu";""
愚蠢;yúchǔn;NGU XUẨN;"ngốc; ngu xuẩn; ngu dại; ngu ngốc";""
彼此;bǐcǐ;BỈ THỬ;"nhau; hai bên; lẫn nhau; bên này với bên kia; cũng vậy; cũng thế (lời khách sáo, biểu thị ai cũng như nhau, thường dùng lặp lại lời đáp)";""
美貌;měimào;MĨ MẠO;"khuôn mặt đẹp";""
忧伤;yōushāng;ƯU THƯƠNG;"đau buồn";""
这么;zhème;GIÁ MA;"như thế; như vậy; thế này; làm vậy";""
矛盾;máodùn;MÂU THUẪN;"mâu thuẫn; quy luật mâu thuẫn; đối lập; mâu thuẫn (trong logic hình thức chỉ mối quan hệ giữa hai khái niệm hoặc hai phán đoán không thể cùng đúng hoặc cùng sai)";""
年龄;niánlíng;NIÊN LINH;"tuổi; độ tuổi; tuổi tác (người hoặc động thực vật)";""
沉默;chénmò;TRẦM MẶC;"ít nói; trầm mặc; im lặng; trầm lặng";""
伪装;wěizhuāng;NGỤY TRANG;"giả tạo; làm ra vẻ; ngụy trang (để che giấu mình trong quân sự)";""
笑容;xiàoróng;TIẾU DUNG;"nụ cười";""
完整;wánzhěng;HOÀN CHỈNH;"vẹn; toàn vẹn; hoàn chỉnh; nguyên vẹn; lành lặn; đầy đủ";""
尽头;jìntóu;TẬN ĐẦU;"cuối; đáy; phần cuối; phần đáy; điểm cuối; điểm kết thúc";""
边缘;biānyuán;BIÊN DUYÊN;"mép; rìa; ven; giáp; viền; sát biên giới; bên bờ; bờ vực; ranh giới";""
规范;guīfàn;QUY PHẠM;"quy tắc; nề nếp; tiêu chuẩn; quy phạm; chuẩn mực";""
奖金;jiǎngjīn;TƯỞNG KIM;"tiền thưởng";""
积极;jījí;TÍCH CỰC;"chủ động; cầu tiến; chăm chỉ; tích cực; hăng hái; tích cực; có lợi; có ích( hiệu quả; kết quả; tác dụng)";""
原谅;yuánliàng;NGUYÊN LƯỢNG;"tha thứ; thứ lỗi; tha lỗi";""
不顾一切;bùgù yīqiè;BẤT CỐ NHẤT THIẾT;"bất chấp; bất chấp tất cả";""
打扰;dǎrǎo;ĐẢ NHIỄU;"phiền; làm phiền; quấy rầy; xin lỗi; xin lỗi đã làm phiền; xin lỗi đã quấy rầy (lịch sự)";""
冲动;chōngdòng;XUNG ĐỘNG;"nổi hứng; xung động; kích động; sự bốc đồng";""
低头;dītóu;ĐÊ ĐẦU;"cúi đầu; cúi mình; cắm cổ; cúi đầu xuống; khuất phục; cúi đầu khuất phục";""
沙滩;shātān;SA THAN;"bãi cát; bãi biển";""
过程;guòchéng;QUÁ TRÌNH;"quá trình";""
获取;huòqǔ;HOẠCH THỦ;"lấy được; thu được; có được; đạt được";""
举行;jǔxíng;CỬ HÀNH;"tiến hành; tổ chức (hội họp, thi đấu)";""
柴米油盐;chái-mǐ-yóu-yán;SÀI MỄ DU DIÊM;"cơm áo gạo tiền; củi gạo dầu muối (chỉ nhu yếu phẩm của con người)";""
脸皮;liǎnpí;KIỂM BÌ;"da mặt; sĩ diện; mặt mũi; thể diện; tình cảm và thể diện; mặt ... (chỉ tâm lý nhục nhã, ""mặt mỏng"" là dễ xấu hổ, ""mặt dày"" không dễ xấu hổ)";""
取消;qǔxiāo;THỦ TIÊU;"hủy; huỷ bỏ; xoá bỏ; bãi bỏ";""
模样;múyàng;MÔ DẠNG;"hình dáng; diện mạo; dáng vẻ; trông; trông vẻ; khoảng chừng; chừng; trông; có vẻ";""
渴望;kěwàng;KHÁT VỌNG;"khát vọng; khao khát; tha thiết; ao ước; mong mỏi; mong muốn";""
谦卑;qiānbēi;KHIÊM TI;"khiêm tốn; khiêm nhường; nhún nhường";""
惊慌;jīnghuāng;KINH HOẢNG;"hoảng; hoang mang; lúng túng; lo sợ; sợ hãi";""
恐怕;kǒngpà;KHỦNG PHẠ;"sợ rằng; e rằng; liệu rằng";""
负面;fùmiàn;PHỤ DIỆN;"mặt trái; mặt xấu; mặt tiêu cực";""
请假;qǐngjià;THỈNH GIÁ;"xin nghỉ; xin phép nghỉ (do bệnh tật hay gặp khó khăn)";""
灵魂;línghún;LINH HỒN;"linh hồn; tâm linh; tư tưởng; tâm hồn; nhân cách; lương tâm; linh hồn (ví với những nhân tố có tác dụng chỉ đạo và quyết định)";""
攒;zǎn;TOẢN;"tích luỹ; trữ; gom lại; dành dụm";""
脆弱;cuìruò;THÚY NHƯỢC;"yếu đuối; mỏng manh; mảnh khảnh; yếu ớt; mảnh dẻ; dễ vỡ; mong manh";""
过去;guòqù;QUÁ KHỨ;"qua; đi qua; đi tới; đi sang; đã qua; trải qua; trôi qua; đã qua; mất; chết; tạ thế; qua đời (sau, phải thêm 了)";""
考察;kǎochá;KHẢO SÁT;"khảo sát; quan sát; điều tra thực tế; khảo sát; kiểm chứng";""
细节;xìjié;TẾ TIẾT;"tình tiết; chi tiết; điều nhỏ nhặt";""
前往;qiánwǎng;TIỀN VÃNG;"đi; đến; tiến về phía trước";""
离谱;lípǔ;LY PHẢ;"quá đáng; vô lý; phi lý";""
困惑;kùnhuò;KHỐN HOẶC;"bối rối; nghi hoặc; hoang mang; lúng túng; không biết xử trí thế nào";""
经历;jīnglì;KINH LỊCH;"từng; từng trải; trải qua; trải nghiệm";""
答案;dá'àn;ĐÁP ÁN;"đáp án; câu trả lời; lời giải";""
探索;tànsuǒ;THÁM TÁC;"tìm tòi; tìm kiếm; khám phá; thăm dò; thám hiểm";""
迷茫;mímáng;MÊ MANG;"mơ màng; hoang mang; lạc lõng; bối rối; bao la; mờ mịt; mênh mông; mịt mù";""
疲惫;píbèi;BÌ BỊ;"mệt mỏi; mệt nhọc; mệt lử, kiệt sức";""
迈出;mài chū;MẠI XUẤT;"bước; bước ra ngoài; bước đi; bắt đầu (hành động, quá trình)";""
花痴;huā chī;HOA SI;"mê; cuồng; mê mẩn; mê trai; mê gái";""
审判员;shěnpàn yuán;THẨM PHÁN VIÊN;"thẩm phán";""
预定;yùdìng;DỰ ĐỊNH;"định; dự định; dự tính";""
脚;jiǎo;CƯỚC;"bàn chân; chân (phần dưới cùng của đồ vật); người bốc vác; người khuân vác (dùng sức lực để vận chuyển); cặn; bã; phần còn lại";""
说不定;shuō bu dìng;THUYẾT BẤT ĐỊNH;"nói không chừng; không biết chừng; không chừng là; có thể là; biết đâu; chưa biết chừng; có lẽ";""
亲嘴;qīnzuǐ;THÂN CHỦY;"hôn; hôn môi; hôn nhau";""
归途;guītú;QUY ĐỒ;"đường về";""
缅甸;miǎndiàn;MIẾN ĐIỆN;"Miến Điện; Myanmar (tên cũ là Burma)";""
肾;shèn;THẬN;"quả thận; thận; tinh hoàn (trong y học)";""
移植;yízhí;DI THỰC;"chuyển; dời; nhổ trồng; nhổ cấy; cấy; ghép; áp dụng; ứng dụng";""
底下;dǐxia;ĐỂ HẠ;"dưới; phía dưới; bên dưới; sau; sau này; sau đó; tiếp đó";""
奋不顾身;fènbùgùshēn;PHẤN BẤT CỐ THÂN;"phấn đấu quên mình; hăng hái tiến lên; dũng cảm quên mình, không màng tới bản thân";""
欺负;qīfu;KHI PHỤ;"ăn hiếp; ức hiếp; bắt nạt; hiếp đáp";""
讨;tǎo;THẢO;"sửa; chỉnh; trị; thảo phạt; đánh dẹp; trị tội; lên án; nghiên cứu; thảo luận; bàn luận; xin; đòi; thỉnh cầu; lấy; cưới; làm cho; khiến cho";""
骂;mà;MẠ;"chửi; chửi rủa; mắng nhiếc; trách; trách móc; mắng";""
辛苦;xīnkǔ;TÂN KHỔ;"vất vả (lời nói khách sáo khi nhờ ai làm việc gì)";""
迟;chí;TRÌ;"chậm; chần chừ; trì trệ; trễ; muộn";""
厅;tīng;SẢNH;"phòng; phòng làm việc; ty; sở";""
屁;pì;THÍ;"rắm; trung tiện (đánh rắm); gì; cái gì";""
惨;cǎn;THẢM;"bi thảm; thê thảm; thảm thương; thảm thiết; vô cùng; cực kỳ; ghê gớm; thê thảm; độc ác; hung ác; tàn ác; ảm đạm; tối tăm";""
微妙;wēimiào;VI DIỆU;"tinh tế; tế nhị; tinh xảo; nhỏ bé; khéo léo, vi diệu; tinh diệu; khó đoán";""
谨慎;jǐnshèn;CẨN THẬN;"cẩn thận; thận trọng; dè dặt";""
偶然性;ǒuránxìng;NGẪU NHIÊN TÍNH;"tính ngẫu nhiên";""
核心;héxīn;HẠCH TÂM;"mấu chốt; cốt lõi; trọng tâm; hạt nhân; điểm chính; nòng cốt";""
民俗;mínsú;DÂN TỤC;"phong tục tập quán";""
招募;zhāomù;CHIÊU MỘ;"chiêu mộ; tuyển mộ; tuyển (nhân viên)";""
拼命;pīnmìng;BÍNH MỆNH;"liều mạng; liều mình; liều lĩnh";""
编织;biānzhī;BIÊN CHỨC;"bện; dệt; đan; tết; kết lại";""
寄托;jìtuō;KÝ THÁC;"gởi; gửi; gửi nhờ; gởi gắm; gửi gắm; ký thác";""
温暖;wēnnuǎn;ÔN NOÃN;"ấm; ấm áp; ấm cúng";""
昏暗;hūn'àn;HÔN ÁM;"tối; mờ; mờ tối; mờ mịt; lờ mờ; u ám";""
等候;děnghòu;ĐẲNG HẬU;"đợi; chờ; chờ đợi";""
一般;yībān;NHẤT BAN;"như; giống nhau; như nhau; trung bình; bình thường; trình độ không cao";""
清楚;qīngchu;THANH SỞ;"rõ; rõ ràng; rành rọt; gãy gọn; tinh tường; minh mẫn";""
景点;jǐngdiǎn;CẢNH ĐIỂM;"thắng cảnh; khu du lịch; khu phong cảnh; khu tham quan; điểm tham quan";""
概率;gàilǜ;KHÁI LUẬT;"xác suất; tỉ lệ";""
祝;zhù;CHÚC;"chúc; cầu chúc; khấn; cầu khấn; đoạn tuyệt; cắt đứt; cắt; gọt";""
悄悄;qiāoqiāo;TIỄU TIỄU;"lặng lẽ; khe khẽ; âm thầm; nhẹ nhàng";""
平坦;píngtǎn;BÌNH THẢN;"bằng; phẳng; bằng phẳng";""
攻击;gōngjī;CÔNG KÍCH;"đánh; tấn công; đánh đòn; tiến công; tiến đánh; chỉ trích; đả kích; công kích; phỉ báng";""
迅速;xùnsù;TẤN TỐC;"cấp tốc; nhanh chóng";""
操;cāo;THAO;"cầm; nắm; nhấc; làm; đảm nhiệm; lái; nắm; nắm vững; điều khiển; sử dụng; nói tiếng nước ngoài; nói tiếng phương ngôn; tập luyện; tập; thao luyện";""
将;jiāng;TƯƠNG;"sắp; vừa... vừa; nửa.. nửa; bán... bán (dùng đôi)";""
裁;cái;TÀI;"cắt; xén; rọc";""
晕;yùn;VỰNG;"choáng váng; chóng mặt; quầng";""
释;shì;THÍCH;"giảng cho rõ; buông ra, thả ra; bỏ, cởi ra";""
奸;jiān;GIAN;"gian dối; kẻ ác";""
彻;chè;TRIỆT;"suốt, thấu, đến tận cùng";""
壳;ké;XÁC;"vỏ, mai; vỏ bọc; vỏ";""
捉;zhuō;TRÓC;"bắt; tóm; cầm";""
柱;zhù;TRỤ;"cột; trụ; hình trụ";""
耕;gēng;CANH;"cày ruộng";""
煮;zhǔ;CHỬ;"nấu; đun; luộc";""
刮;guā;QUÁT;"cạo; gọt; róc";""
眠;mián;MIÊN;"ngủ; giả chết (động vật); ngủ đông";""
捡;jiǎn;KIỂM;"nhặt lấy; nhặt; lượm";""
谊;yì;NGHỊ;"tình bạn; tình cảm; hữu nghị";""
跪;guì;QUỴ;"quỳ; quỳ gối";""
秃;tū;NGỐC;"trọc; trụi (cây cối, núi non); cùn";""
折;zhé;CHIẾT;"gãy; ngắt; tổn thất";""
挂;guà;QUẢI;"treo; móc; quặc";""
详;xiáng;TƯỜNG;"kỹ càng; kỹ; tường tận";""
冲;chōng;XUNG;"lao vào; tấn công; xông lên";""
杆;gǎn;CAN;"quản; cán; báng";""
躁;zào;TÁO;"nóng nảy; nóng";""
惩;chéng;TRỪNG;"răn; răn đe; cảnh cáo";""
祸;huò;HỌA;"tai hoạ; thảm hoạ; tai nạn";""
碰;pèng;BÍNH;"đụng; chạm; va";""
额;é;NGẠCH;"trán; tấm biển; hoành phi";""
阔;kuò;KHOÁT;"rộng; mênh mông; man mác";""
拘;jū;CÂU;"bắt giữ; giam giữ; trói buộc";""
裂;liè;LIỆT;"vỡ; nứt; rách";""
亏;kuī;KHUY;"lỗ; lỗ vốn; thua lỗ";""
顶;dǐng;ĐỈNH;"đỉnh; ngọn; chóp";""
诛;zhū;TRU;"giết; chém (tội phạm); trách phạt";""
贪;tān;THAM;"tham; tham lam; tham ô";""
罢;bà;BÃI;"ngừng; dừng; thôi";""
恢;huī;KHÔI;"hồi phục; phục hồi; khôi phục";""
顿;dùn;ĐỐN;"ngừng; tạm ngừng; dừng lại";""
污;wū;Ô;"bẩn; nhơ; không liêm khiết";""
谓;wèi;VỊ;"nói; bảo; xưng hô";""
荒;huāng;HOANG;"không có người";""
缺;quē;KHUYẾT;"thiếu; hụt; vắng";""
免;miǎn;MIỄN;"miễn trừ; xoá bỏ; loại bỏ";""
结算;jiésuàn;KẾT TOÁN;"kết toán; thanh toán; quyết toán";""
干活;gànhuó;CÁN HOẠT;"làm việc; lao động; đi làm";""
悠;yōu;DU;"lâu; xa; nhàn rỗi";""
裔;yì;DUỆ;"đời sau; biên giới xa xôi; vùng đất xa xôi";""
糟;zāo;TAO;"bã; bã rượu; thối nát";""
赛;sài;TÁI.TRẠI;"đấu; thi đấu; hơn";""
摄;shè;NHIẾP;"lấy; hút; hít";""
率;shuài;SUẤT;"dẫn; dẫn đưa; dẫn đầu";""
担;dàn;ĐẢM;"gánh nặng; gánh (lượng từ); đảm (đơn vị đo lường của Trung Quốc bằng 50 kg)";""
摊;tān;THAN;"mở ra; bày ra; trải ra";""
滚;gǔn;CỔN;"lăn; lộn; cuộn";""
踩;cǎi;THẢI;"giẫm; đạp; đứng";""
拥;yōng;ỦNG;"ủng hộ, giúp đỡ";""
谎;huǎng;HOANG;"nói dối; nói dóc; nói láo";""
巡;xún;TUẦN;"tuần tra; tuần sát; tuần (rượu, trà)";""
极;jí;CỰC;"cực; đỉnh điểm; điểm dừng";""
斩;zhǎn;TRẢM;"chặt; đẵn; chém";""
遂;suí;TOẠI;"như ý; toại nguyện; hài lòng";""
嫌;xián;HIỀM;"sự nghi ngờ";""
坟;fén;PHẦN;"mộ; mồ; phần mộ";""
私;sī;TƯ;"riêng; tư; riêng tư";""
啦;la;LẠP;"đấy; nhé; nhá";""
壶;hú;HỒ;"ấm; bình; hũ";""
泥;ní;NÊ;"bùn; bùn đất; nhão";""
挑;tiāo;KHIÊU;"chọn; chọn lựa; lựa";""
旁;páng;BÀNG;"bên; cạnh; ven";""
启;qǐ;KHẢI;"mở; bóc; mở đường";""
茂;mào;MẬU;"rậm rạp; tươi tốt; um tùm";""
弘;hóng;HOẰNG;"lớn; to lớn; rộng lớn";""
泊;bó;BẠC;"đậu; cập bến; ghé bến";""
啥;shá;XÁ;"cái gì";""
沮;jǔ;TRỞ;"ngăn; chặn; chán";""
翻;fān;PHIÊN;"lật; đổ; trở mình";""
娶;qǔ;THÚ;"lấy vợ; cưới vợ; cưới";""
企;qǐ;XÍ;"kiễng chân; nhón chân; hy vọng";"xí trong xí nghiệp"
惊;jīng;KINH;"kinh động; kinh sợ";""
咨;zī;TƯ;"bàn bạc, tư vấn; tường trình";""
堑;qiàn;TIỆM;"khe; hào; rãnh (gây cản trở giao thông)";""
贰;èr;NHỊ;"số hai viết bằng chữ; số hai viết hoa; phản bội";""
嘉;jiā;GIA;"đẹp; tốt; quý";""
腐;fǔ;HỦ;"mục; mục nát; thối rữa";"cổ hủ"
融;róng;DUNG.DONG;"tan ra; tan; hoà hợp";"dung hợp"
熬;áo;NGAO;"hầm; nấu nhừ; sấy";""
枉;wǎng;UỔNG;"sai lệch; không ngay thẳng (ví với việc làm sai trái); oan ức";"oan uổng"
雾;wù;VỤ;"sương mù; bụi nước (dạng giống sương mù)";""
甜;tián;ĐIỀM;"ngọt (vị); ngọt, ngọt ngào (giọng, nụ cười, miệng...); say, ngon (giấc ngủ)";""
侯;hóu;HẦU;"hầu (đứng thứ hai trong ngũ tước); nhà quyền quý; họ Hầu";""
肌;jī;CƠ;"bắp thịt; thớ; thịt bắp";""
卑;bēi;TI;"";""
鄙;bǐ;BỈ;"cõi ngoài biên cương, nơi xa xôi hẻo lánh; khinh bỉ; thô tục, thô lỗ";"khinh bỉ"
耻;chǐ;SỈ;"xấu hổ, thẹn";"sỉ nhục"
划;huá;HOẠCH;"chèo; bơi; cắt";""
玛;mǎ;MÃ;"mã não (đá quý)";""
芦;lú;LÔ;"cây lau; cây sậy; lau sậy";"lô hội"
桜;yīng;ANH;"hoá anh đào (anh); hoa anh đào";"anh trong anb đào"
冈;gāng;CƯƠNG;"đồi; gò; gò đồi";""
跨;kuà;KHÓA;"sải bước; xoải bước; bước dài";""
拟;nǐ;NGHĨ;"nghĩ ra; đặt ra; thiết kế";""
粪;fèn;PHÂN;"phân; cứt; bón phân";""
芯;xīn;TÂM;"bấc đèn; tim đèn; lõi";""
复盘;fùpán;PHỤC BÀN;"phân tích; suy ngẫm; phân tích lại (chơi cờ)";""
释怀;shìhuái;THÍCH HOÀI;"buông bỏ; giải tỏa; thanh thản";""
尘埃落定;chén'āi luòdìng;TRẦN AI LẠC ĐỊNH;"ngã ngũ; kết cục đã định; kết quả đã an bài";""
轰;hōng;OANH.HOANH;"oàng; gầm; ầm (từ tượng thanh)";""
睦;mù;MỤC;"hòa hợp; hoà thuận; họ Mục";""
残存;cáncún;TÀN TỒN;"sót lại; còn rớt lại; còn lại";""
徊;huái;HỒI;"quanh quẩn; lưỡng lự; do dự"
催;cuī;THÔI;"giục; thúc giục; thúc";""
搁;gē;CÁC;"đặt; để; kê";""
沸腾;fèiténg;PHÍ ĐẰNG;"sôi; sôi sục; sôi sùng sục";""
暴;bào;BẠO;"nhô lên; nổi lên; bỏ phí";"hung bạo"
碗;wǎn;OẢN;"bát; chén; vật có dạng bát";""
挣;zhèng;TRANH;"giãy; quẫy; vùng ra";""
歇;xiē;YẾT;"nghỉ ngơi; nghỉ; ngủ";""
抗;kàng;KHÁNG;"đỡ; ngăn chặn; chống chọi";""
权;quán;QUYỀN;"quả cân; cái cân; cân (ví với sự cân nhắc suy tính)";"quyền lực"
夺;duó;ĐOẠT;"cướp; đoạt; cướp đoạt";""
剥;bō;BÁC;"cướp; cướp đi; cướp đoạt (thường dùng trong các từ ghép hoặc thành ngữ như cướp đoạt hoặc ăn tươi nuốt sống chẳng hạn)";""
决;jué;QUYẾT;"quyết; quyết định; định đoạt";""
判;pàn;PHÁN;"chia ra; phân ra; phân biệt";"phán quyết"
消;xiāo;TIÊU;"biến mất; tiêu tan; tiêu trừ";""
作壁上观;zuò bìshàngguān;TÁC BÍCH THƯỢNG QUAN;"sống chết mặc bây; đứng ngoài cuộc";""
璀璨;cuǐcàn;THÔI XÁN;"óng ánh; lóng lánh; rực rỡ";""
墨;mò;MẶC;"mực tàu; mực; mực viết";""
浓;nóng;NÙNG;"đặc; đậm; nồng nặc";"nồng"
唐;táng;ĐƯỜNG;"nhà Đường; triều đại nhà Đường; họ Đường";""
褪;tùn;THOÁI.THỐI;"cởi; tuột; rụt khỏi";""
辇;niǎn;LIỄN;"xe kéo; xe vua ngồi (người kéo)";""
琵;pí;TÌ;"đàn tì bà";""
箫;xiāo;TIÊU;"ống tiêu (nhạc khí)";""
菩;pú;BỒ;"Bồ Tát; Phật";""
绵;mián;MIÊN;"bông tơ; tơ tằm; tơ lụa";""
缠;chán;TRIỀN;"bó; bọc; buộc";""
绕;rào;NHIỄU;"quấn; buộc; vòng quanh (chuyển động, di chuyển)";""
遗;yí;DI;"đánh rơi; mất; rơi mất";"di vật"
璨;càn;XÁN;"ngọc đẹp; gạo trắng";""
璀;cuǐ;THÔI;"lóng lánh; chói rọi; rực rỡ";""
昔;xī;TÍCH;"xưa; trước kia; xưa kia";""
窟;kū;QUẬT;"hố; hầm; hang";""
宴;yàn;YẾN;"đãi; mời; thiết (tiệc)";""
饮;yǐn;ẨM;"uống; nhậu; uống rượu";""
惹;rě;NHẠ;"làm cho; làm; gây nên";""
曜;yào;DIỆU;"ánh sáng mặt trời; các ngày trong tuần; chiếu sáng";""
既然;jìrán;KÍ NHIÊN;"đã; nếu đã; nếu như";""
一朝;yī zhāo;NHẤT TRIÊU;"một khi; mai kia";""
豺;chái;SÀI;"con sài (hình dáng giống chó sói nhưng nhỏ); sài cẩu";""
蚊;wén;VĂN;"muỗi; con muỗi";""
蝼;lóu;LÂU;"dế; con dế";""
岸;àn;NGẠN;"bờ; bến; cao ngạo";""
貌;mào;MẠO;"tướng mạo; diện mạo; dung mạo";""
蟆;má;MÔ;"cóc nhái";""
蛤;há;CÁP;"cóc; con cóc; ếch";""
抢;qiǎng;THƯỞNG.THẢNG.SẢNG;"cướp; cướp đoạt; giành";""
唤;huàn;HOÁN;"gọi to; kêu to; kêu";""
凰;huáng;HOÀNG;"phượng hoàng; chim phượng; phụng hoàng";""
凤;fèng;PHƯỢNG.PHỤNG;"phượng hoàng; phụng; phượng";""
唯;wéi;DUY;"chỉ; duy chỉ; riêng chỉ";""
鲜;xiān, xiǎn;TIÊN;"cá tươi; sáng sủa; ngon lành";""
盖;gài;CÁI;"nắp; vung; mu";""
预算;yùsuàn;DỰ TOÁN;"dự toán; dự trù; ngân sách";""
砖;zhuān;CHUYÊN;"gạch; hòn gạch; viên";""
搬;bān;BAN;"chuyển; xê dịch; dời chỗ";""
趁;chèn;SẤN;"nhân; nhân lúc; nhân dịp";""
抛;pāo;PHAO;"quẳng; ném; quăng";""
急;jí;CẤP;"gấp; vội; nôn nóng";""
撑;chēng;SANH;"chống; chống đỡ; đỡ";""
误;wù;NGỘ;"sai lầm; lỗi sai; bỏ lỡ";""
初;chū;SƠ;"đầu; phần đầu; lúc đầu";""
萧;xiāo;TIÊU;"tiêu điều; điêu tàn; đìu hiu";""
毯;tǎn;THẢM;"tấm thảm";""
约;yuē;ƯỚC;"hẹn; ước hẹn; sắp xếp";""
更新;gēngxīn;CANH TÂN;"đổi mới; cách tân; thay mới";""
线索;xiànsuǒ;TUYẾN SÁCH;"đầu mối; manh mối; gợi ý";""
巧;qiǎo;XẢO;"nhanh nhẹn; kĩ thuật cao; khéo léo";""
故;gù;CỐ;"nguyên nhân; nguyên do; nguyên cớ";""
矩;jǔ;CỦ;"phép tắc; khuôn phép; quy tắc";""
若;ruò;NHƯỢC;"như; dường như; nếu như";""
逝;shì;THỆ;"chảy; trôi qua; qua đi (thời gian, dòng nước)";""
誓;shì;THỆ;"thề, hứa";""
谎;huǎng;HOANG;"nói dối";""
幻;huàn;HUYỄN;"hư ảo, không có thực";""
添;tiān;THIÊM;"thêm; tăng thêm; thêm vào";""
蒜;suàn;TOÁN;"cây tỏi; tỏi; củ tỏi";""
梦乡;mèngxiāng;MỘNG HƯƠNG;"giấc mơ; giấc mộng; chiêm bao";""
炎炎;yányán;VIÊM VIÊM;"nắng hè chói chang";""
悉;xī;TẤT;"hết; toàn; tường tận";""
熟;shú;THỤC;"chín (trái cây); chín (thức ăn); đã tôi";""
嫩;nèn;NỘN;"non; non nớt; mới nhú";""
挡;dǎng;ĐÁNG;"ngăn; chặn; cản";""
遮;zhē;GIÀ;"che; đậy; che lấp";""
膀;bǎng;BÀNG;"vai; cánh";""
臂;bì;TÍ;"cánh tay; càng; chân";""
喳;zhā;TRA;"ríu rít (từ tượng thanh)";""
叽;jī;CƠ;"chít chít; chiêm chiếp (từ tượng thanh)";""
础;chǔ;SỞ;"đá tảng; nền tảng; cơ sở";""
基;jī;CƠ;"nền tảng; cơ sở; nền móng";""
缓;huǎn;HOÃN;"hoãn; dời lại; trì hoãn";""
拥;yōng;ỦNG;"ôm; ẵm; quấn";""
塑;sù;TỐ;"nặn; đắp (tượng); nhựa";""
渐;jiàn;TIỆM;"từng bước; dần; dần dần";""
润;rùn;NHUẬN;"trơn bóng; trơn; ẩm ướt";""
烂;làn;LẠN;"nát; rữa; nhừ";""
迹;jì;TÍCH;"dấu; vết; vệt";""
仅;jǐn;CẬN;"chỉ; mới; vẻn vẹn";""
衡;héng;HÀNH.HOÀNH;"cân; cái cân; cân đòn";""
渺;miǎo;MIỂU;"mù mịt; mờ mịt; mịt mùng";""
端;duān;ĐOAN;"đầu; đầu mút (của đồ vật); mở đầu";"đoan trang"
谐;xié;HÀI;"hoà hợp, hài hoà";""
鲁;lǔ;LỖ;"chậm chạp; thô lỗ; đần độn";""
苑;yuàn;UYỂN;"vườn; vườn thú; vườn ngự uyển (của vua chúa)";""
取;qǔ;THỦ;"lấy; rút; lĩnh";""
屡;lǚ;LŨ;"nhiều lần; liên tiếp";""
屡败屡战;lǚ bài lǚ zhàn;LŨ BẠI LŨ CHIẾN;"thua rồi lại chiến đấu";""
禾;hé;HOÀ;"cây mạ; cây lúa; hạt kê";""
慧;huì;TUỆ;"thông minh; tài trí; lanh lẹ";""
般;bān;BAN;"loại; kiểu; cách";""
箍;gū;CÔ;"bó; vấn; quấn";""
诲;huì;HỐI;"dạy; khuyên răn; khuyên bảo";""
穴;xué;HUYỆT;"hang ổ; tổ; mộ huyệt";""
巢;cháo;SÀO;"tổ (chim, ong, kiến); họ Sào";""
预;yù;DỰ;"trước; sẵn; chuẩn bị";""
垢;gòu;CẤU;"dơ bẩn; bẩn thỉu; lem luốc";""
夕;xī;TỊCH;"chiều; chiều tối; chiều hôm";""
绽;zhàn;TRÁN;"tách ra; nứt ra; rách";""
匆;cōng;THÔNG;"gấp; vội; khẩn cấp";""
酬;chóu;THÙ;"chúc rượu; mời rượu; kính rượu";""
屑;xiè;TIẾT;"vụn; mạt; vụn vặt";""
批;pī;PHÊ;"phát; đánh; bạt (bằng tay)";""
砌;qiè;THẾ;"phông; cảnh (sân khấu)";""
堆;duī;ĐÔI;"chồng chất; tích tụ; xếp chồng";""
烧;shāo;THIÊU;"đốt; thiêu; cháy";""
胃;wèi;VỊ;"dạ dày; bao tử; vị";""
忽;hū;HỐT;"bỗng; bỗng nhiên; đột nhiên";""
畜;xù, chù;SÚC;"súc vật; nuôi nấng";""
赖;lài;LẠI;"nhờ cậy; ích lợi";""
疯;fēng;PHONG;"điên; khùng; tâm thần (thần kinh không ổn định)";""
蕴;yùn;UẨN;"tích chứa, góp; sâu xa; giấu, cất";""
牲;shēng;SINH;"gia súc; vật tế thần (bò, dê, heo)";""
胸;xiōng;HUNG;"ngực; ức; trái tim";""
牵;qiān;KHIÊN;"dắt; lôi; rút";""
嘲;zhāo;TRÀO;"líu lo; ríu rít; líu ríu";""
腔;qiāng;XOANG;"khoang; lồng; buồng";""
燃;rán;NHIÊN;"bốc cháy; cháy; châm lửa";""
颗;kē;KHOẢ;"hạt; hòn; viên";""
缕;lǚ;LŨ;"sợi; dây; cọng";""
填;tián;ĐIỀN;"đổ đầy; điền; lấp";""
叠;dié;ĐIỆP;"điệp; chồng; chất";""
蛊;gǔ;CỔ;"trùng cổ; con sâu độc";""
趟;tàng;THẢNG;"lần; chuyến (chỉ số lần đi lại, di chuyển đi về của người hoặc phương tiện giao thông); dãy";""
皆;jiē;GIAI;"đều; cùng; đều là";""
堕;duò;ĐOẠ;"rơi xuống, đổ; đổ nát";""
融;róng;DUNG.DONG;"tan ra; hoà tan; lưu thông";""
绣;xiù;TÚ;"thêu thùa";""
崩;bēng;BĂNG;"lở; sạt; sụp";""
贷;dài;THẢI;"vay; cho vay; chối từ";""
拔;bá;BẠT;"nhổ; rút; tuốt";""
盯;dīng;ĐINH;"nhìn chăm chú; nhìn chằm chằm; dán mắt, tập trung vào";""
籍;jí;TỊCH;"sách; thư tịch; sách vở";""
拽;zhuāi;DUỆ;"quăng; ném; vứt";""
劳;láo;LAO;"lao động; làm; làm phiền";""
覆;fù;PHÚC;"che; phủ; bao phủ";""
皂;zào;TẠO;"đen; màu đen; xà phòng";""
阎;yán;DIÊM;"âm phủ, địa ngục";""
蕴;yùn;UẨN;"bao hàm; chứa đựng; ẩn chứa";""
派;pài;PHÁI;"cử đi; điều đi; phái đi";""
侠;xiá;HIỆP;"hiệp; hiệp khách; nghĩa hiệp";""
卓;zhuó;TRÁC;"cao; cao ngất; cao minh";""
粽;zòng;TỐNG;"bánh chưng; bánh tét; bánh ú";""
契;qì;KHẾ;"khế; văn khế; bằng khoán";""
杠;gàng;CỐNG;"gậy; đòn; xà (xà đơn, xà kép, xà lệch)";""
省;shěng;TỈNH;"tiết kiệm; đỡ; giảm";""
窃;qiè;THIẾT;"trộm; cắp; ăn trộm";""
庙;miào;MIẾU;"miếu thờ cúng; miếu; đền thờ";""
汐;xī;TỊCH;"thủy triều đêm; đọc là [xì]";""
型;xíng;HÌNH;"cái khuôn đất để đúc; làm gương, làm mẫu";""
魁;kuí;KHÔI;"đầu sỏ; tướng; khôi";""
栈;zhàn;SẠN.XIỄN;"tàu; chuồng; đường núi hiểm trở";""
涩;sè;SÁP;"chát; vị chát; ráp";""
侣;lǚ;LỮ;"bạn; bạn bè; bằng hữu";""
腹;fù;PHÚC;"bụng; nội tâm; trong lòng";""
赘;zhuì;CHUẾ;"thừa; vô dụng; vô ích";""
瞒;mán;MAN;"giấu; giấu giếm; che giấu";""
障;zhàng;CHƯỚNG;"che đậy; che chắn; cách trở";""
琴;qín;CẦM;"đàn; cầm (tên chung); cổ cầm (đàn thời xưa)";""
殖;zhí;THỰC;"đẻ; nảy nở; sinh đẻ";""
兑;duì;ĐOÁI;"trả tiền; lãnh tiền; hối đoái (theo chứng từ)";""
矿;kuàng;KHOÁNG;"hầm mỏ; quặng; mỏ";""
毁;huǐ;HUỶ;"huỷ hoại, nát; chê, diễu, mỉa mai";""
伸;shēn;THÂN;"vươn; duỗi; với";""
雕;diāo;ĐIÊU;"khắc; chạm; chạm khắc";""
旋;xuán;TOÀN.HOÀN;"xoay chuyển; xoay quanh; quay";""
脏;zāng;TANG;"dơ; bẩn; ô uế";""
税;shuì;THUẾ;"thuế; khoản phải nộp cho nhà nước; (ngành) thuế vụ";""
薪;xīn;TÂN;"lương bổng; lương; củi";""
大厦;dàshà;ĐẠI HẠ;"lâu đài; cao ốc; toà nhà đồ sộ";""
打扫;dǎsǎo;ĐẢ TẢO;"quét; quét dọn; dọn dẹp";""
粉;fěn;PHẤN;"bụi; bột; phấn";""
锻;duàn;ĐOẠN;"rèn; rèn luyện; luyện kim";""
泉;quán;TUYỀN;"suối; con suối; nguồn suối";""
编;biān;BIÊN;"đan, bện, tết; sắp xếp, tổ chức; biên soạn, biên tập";""
瓷;cí;TỪ;"sứ; đồ sứ";""
徐;xú;TỪ;"chầm chậm; từ từ; từ tốn";""
癫;diān;ĐIÊN;"điên; rồ; dại";""
鸳鸯蝴蝶;yuānyāng húdié;UYÊN ƯƠNG HỒ ĐIỆP;"Vịt uyên ương và bướm (tức là chim tình yêu); Tham chiếu mang tính xúc phạm đối với các tác phẩm dân gian và lãng mạn vào khoảng năm 1900.";""
捐;juān;QUYÊN;"vứt bỏ; bỏ đi; hy sinh";""
辣;là;LẠT;"cay; cay nồng; cay độc";""
帆;fān;PHÀM;"buồm; cánh buồm; thuyền buồm";""
泄;xiè;TIẾT;"phát tiết ra, lộ ra ngoài";""
奴;nú;NÔ;"nô lệ; tôi tớ; thiếp";""
倪;ní;NGHÊ;"đầu mối; manh mối; họ Nghê";""
兜;dōu;ĐÂU;"túi; bọc; đùm";""
执;zhí;CHẤP;"cầm; nắm; đảm nhiệm";""
盟;méng;MINH;"liên minh; minh (tên gọi khu vực hành chính khu tự trị Mông Cổ, bao gồm kỳ, huyện, thị); kết nghĩa";""
赠;zèng;TẶNG;"biếu; tặng";""
阑;lán;LAN;"ngăn cản; chặn; chắn";""
翌;yì;DỰC;"mai; sau";""
朴;pò;PHÁC;"cây sếu Trung Quốc";""
剔;tī;DỊCH;"cạo; lóc; róc";""
插;chā;SÁP;"chêm vào; nhúng; cắm";""
妆;zhuāng;TRANG;"đồ trang điểm, trang sức";""
碑;bēi;BI;"bia; bia đá; bảng bia";""
飓;jù;CỤ;"gió lốc lớn; bão";""
煞;shà;SÁT;"sát; hung thần; cực";""
噬;shì;PHỆ;"cắn; nhai";""
鹏;péng;BẰNG;"chim đại bàng";""
仆;pú;BỘC;"người hầu; đầy tớ; tôi tớ";""
渊;yuān;UYÊN;"vực sâu; chỗ nước sâu; họ Uyên";""
撞;zhuàng;TRÀNG;"đập; đụng; xô phải";""
殴;ōu;ẨU;"đánh; ẩu đả";""
调;diào;ĐIỆU;"giọng nói; giọng; giọng điệu";""
屌;diǎo;ĐIỂU;"buồi; cái buồi; dương vật";""
殊;shū;THÙ;"chấm dứt, xong hết; khác biệt; rất, lắm";"đặc thù"
夭;yāo;YỂU;"qua đời; chết non; chết yểu (chưa trưởng thành)";""
袖;xiù;TỤ;"tay áo; ống tay áo; lãnh tụ";""
痒;yǎng;DƯƠNG;"ngứa; ngứa ngáy (háo hức)";""
暮;mù;MỘ;"chiều; hoàng hôn; họ Mộ";""
繁;fán;PHỒN;"nhiều; đa dang; phong phú";""
牌;pái;BÀI;"cái biển yết thị; thẻ bài; cỗ bài (chơi)";""
篆;zhuàn;TRIỆN;"chữ triện";""
阶;jiē;GIAI;"bậc thềm; bậc; đẳng cấp";""
沟;gōu;CÂU;"trong (nước); rãnh, cống, ngòi, lạch, khe; cái hào";""
髅;lóu;LÂU;"đầu lâu";""
骷;kū;KHÔ;"đầu lâu xương cốt";""
莹;yíng;OÁNH;"đá mịn; đá (thứ đá bóng như ngọc); sáng ngời";""
麦;mài;MẠCH;"lúa mạch; lúa mì; họ Mạch";""
狱;yù;NGỤC;"nhà tù; nhà ngục; lao ngục";""
闸;zhá;ÁP;"cống tưới tiêu; cửa cống; cửa đập";""
棒;bàng;BỔNG;"gậy; thỏi; khoẻ";""
厕;cè;XÍ;"hố xí; nhà xí; nhà vệ sinh";""
欲擒故纵;yùqíngùzòng;DỤC CẦM CỐ TUNG;"lạt mềm buộc chặt; vờ tha để bắt thật";""
降;jiàng;GIÁNG;"rơi; rớt; xuống";""
键;jiàn;KIỆN;"chốt; chốt khoá; nút";""
链;liàn;LIÊN;"dây xích; xích; vòng";""
源;yuán;NGUYÊN;"nguồn (nước); nguồn gốc";""
措;cuò;THỐ;"thi thố ra; bãi bỏ; bắt tay vào làm, lo liệu";""
促;cù;XÚC;"vội vã, gấp";""
据;jù;CỨ;"căn cứ; dựa theo; theo";""
玺;xǐ;TỈ;"cái ấn của vua; con dấu chính thức của quốc gia, quốc huy";""
谜;mí, měi;MÊ;"câu đố";""
雌;cí;THƯ;"cái; mái; con mái";""
霸;bà;BÁ;"thống trị; trùm; bá chủ (thủ lĩnh liên minh chư hầu)";""
旺;wàng;VƯỢNG;"thịnh vượng; thịnh; mạnh";""
辱;rǔ;NHỤC;"nhục, xấu hổ; làm nhục; chịu khuất";""
黎;lí;LÊ;"nhiều; đông; đen";""
驱;qū;KHU;"đuổi; ruổi (súc vật); chạy nhanh";""
懦;nuò;NỌA;"yếu hèn; hèn nhát; nhát gan";""
抹;mǒ;MẠT;"bôi; chét; đánh";""
岂;qǐ;KHỞI;"há; lẽ nào; làm sao";""
哉;zāi;TAI;"quá; thay (biểu thị ngữ khí); vậy";""
蔽;bì;TẾ;"phủ; che đậy; che khuất";""
嗖;sōu;SƯU;"vù; vèo; vi vu (từ tượng thanh)";""
套;tào;SÁO;"bao; bọc; túi; chăn; vỏ chăn";""
抑;yì;ỨC;"kìm hãm; áp xuống; kìm nén; nhưng; mà";""
弃;qì;KHÍ;"vứt bỏ; vứt đi; quăng đi; bỏ qua";""
按;àn;ÁN;"ấn; bấm; đè; nhấn; đóng";""
闪;shǎn;THIỂM;"lánh; tránh; trốn; ẩn náu; nấp";""
劲;jìn;KÌNH;"sức lực; khoẻ mạnh; sức mạnh; tinh thần; tình cảm";""
苍;cāng;THƯƠNG;"bạc; xám trắng; xám nhạt; xanh biêng biếc (cả màu lam và màu lục); trời xanh";""
拯;zhěng;CHỬNG;"cứu; cứu giúp; cứu vớt";""
塌;tā;THÁP;"đổ; sụp; sụt; lõm xuống; lõm";""
冥;míng;MINH;"tối tăm; u tối; sâu xa; sâu sắc; sâu";""
季;jì;QUÝ;"mùa; quý; tiết; cuối mùa; tháng cuối (của một mùa)";""
怂;sǒng;TÚNG;"hèn, nhát, sợ, rén";""
掏;tāo;ĐÀO;"móc; đào; lấy ra; khoét; trộm";""
扎;zhā;TRÁT;"châm; chích; đâm; chui qua; chui vào";""
勋;xūn;HUÂN;"công lao; công lớn; công thần";""
磋;cuō;THA;"cắt gọt mài giũa; cùng nhau bàn bạc nghiên cứu; cùng nhau nghiên cứu học hỏi cái hay, sửa chữa khuyết điểm; thương lượng; thảo luận";"thiết tha"
巫;wū;VU;"bà đồng; bà bóng; phù thuỷ; thầy pháp; họ Vu";""
儡;lěi;LỖI;"con rối; bù nhìn";""
磁;cí;TỪ;"nam châm; từ; sứ; đồ sứ";""
沸;fèi;PHÍ;"sôi; sôi lên; đun sôi";""
撕;sī;TI;"xé; gỡ";""
奔;bèn;BÔN;"đến thẳng; lao đến; xông đến; đi đến; chạy; kiếm; chạy kiếm; bôn tẩu (vì việc gì đó); ngót; gần; xấp xỉ; ngót nghét (tuổi tác)";""
罡;gāng;CƯƠNG;"sao Bắc Đẩu; họ Cương";""
翁;wēng;ÔNG;"ông già; ông cụ; cha; bố vợ; bố chồng; họ Ông";""
懒;lǎn;LÃN;"lười; nhác; lười biếng; rã rời; hết sức; mệt mỏi; kiệt sức; hết sức lực";""
凭;píng;BẰNG;"dựa; tựa";""
采;cǎi;THẢI;"ngắt; hái; bẻ; trảy; đào; khai thác (khoáng sản); sưu tập; sưu tầm; thu thập; thu nhặt; chọn; lấy; chọn lấy";""
纹;wén;VĂN;"vân; vằn; hoa văn; nếp nhăn; đường vân";""
壁;bì;BÍCH;"bức tường, bức vách, thành; dựng đứng, thẳng đứng; sao Bích (một trong Nhị thập bát tú)";""
壳;ké, qiào;XÁC;"vỏ cứng";""
笨;bèn;BÁT;"đần; ngốc; đần độn; ngốc nghếch; vụng về; lóng ngóng; chậm chạp; thô kệch; cục mịch; nặng nề; nặng nhọc";""
截;jié;TIỆT;"cắt đứt; cắt ra; cắt; cắt bỏ; ngăn chặn; chặn; tính đến; cho đến; kết thúc; chấm dứt";""
察;chá;SÁT;"xét; xem kỹ; xét kỹ; quan sát; nhận ra; tìm tòi; điều tra; khảo sát";""
酸;suān;TOAN;"vị chua; đau ê ẩm; axít";""
谐;xié;HÀI;"hài hoà; đẹp đẽ; cân đối; hài hước; khôi hài; tiếu lâm";""
奠;diàn;ĐIỆN;"đặt; đóng; xây dựng; thiết lập; cúng; tế";""
衙;yá;NHA;"nha môn";""
雅;yǎ;NHÃ;"chuẩn mực; chuẩn; phù hợp; tinh tế; thanh lịch; thanh cao; nhã nhặn";""
宇;yǔ;VŨ;"nhà cửa; nơi ở; mái hiên; không gian; thế giới; vũ trụ; phong độ; khí chất; dáng vẻ; họ Vũ";""
栓;shuān;THUYÊN;"cái chốt; cái cài; gióng; chốt an toàn (của súng); nút (chai)";""
幂;mì;MỊCH;"vải đậy; che; phủ; đậy; số mũ (toán học)";""
谧;mì;MẬT.MỊCH;"yên ổn; yên tĩnh";""
蜀;shǔ;THỤC;"nước Thục; Thục Hán; tỉnh Tứ Xuyên (Trung Quốc)";""
绊;bàn;BÁN;"vướng chân; quẩn chân; vấp; mặc";""
善;shàn;THIỆN;"lương thiện; hiền lành; tốt; hay; hữu nghị; hoà hợp; thân thiện; quen; quen thuộc; thành thạo";""
探;tàn;THAM.THÁM;"thăm dò; dò; tìm; thăm; thò ra; nhô; ló ra; trồi lên; quan tâm; để ý đến; do thám";""
葡;pú;BỒ;"nho; quả nho; Bồ Đào Nha";""
舌;shé;THIỆT;"lưỡi; hình lưỡi; quả lắc (chuông đồng hồ); bộ Thiệt";""
肴;yáo;HÀO;"thức ăn thịt cá; thức ăn; món ăn";""
壹;yī;NHẤT;"số một (cách viết số một bằng chữ trong tiếng Hoa)";""
获;huò;HOẠCH;"bắt giữ; bắt; túm lấy; được; giành được; giành; thu được; thu hoạch; gặt hái";""
励;lì;LỆ;"khen; động viên; khích lệ; họ Lệ";""
绣;xiù;TÚ;"thêu";""
统;tǒng;THỐNG;"thống (chỉ mối quan hệ liên tục giữa các sự vật); ống; hình ống";""
驻;zhù;TRÚ;"ở; tại; ở lại; lưu lại; trú tại; dừng lại; đóng quân; đóng trụ sở (bộ đội hoặc nhân viên công tác)";""
氛;fēn;PHÂN;"không khí; cảnh tượng; tình hình";""
饮;yǐn, yìn;ẨM;"uống; nước uống; thuốc nước";""
殿;diàn;ĐIỆN;"điện; điện thờ";""
恒;héng;HẰNG;"vĩnh cửu; lâu dài; mãi mãi; vĩnh hằng; bình thường; thường ngày; thường tình; thông thường; phổ thông; hằng";""
弈;yì;DỊCH;"cờ vây; đánh cờ";""
连;lián;LIÊN;"cả; bao gồm; kể cả; tính cả; ngay cả; ngay đến; đến cả";""
裤;kù;KHỐ;"cái khố; cái quần đùi";""
乞;qǐ;KHẤT;"xin; cầu xin";""
禄;lù;LỘC;"lộc; bổng lộc (thường dùng thời cổ đại); họ Lộc";""
觅;mì;MỊCH;"tìm kiếm; kiếm";""
允;yǔn;DOÃN;"đồng ý; cho phép";""
嘱;zhǔ;CHÚC;"dặn dò; căn dặn; dặn bảo";""
维;wéi;DUY;"giữ gìn; bảo toàn; duy trì; tiếp nối";""
疾;jí;TẬT;"bệnh tật; bệnh; tật; đau đớn; khổ sở";""
籍;jí;TỊCH;"ghi chép vào sổ, liệt kê";""
献;xiàn;HIẾN;"dâng, tặng, hiến; dâng biểu; bày tỏ; người hiền tài";""
恳;kěn;KHẨN;"thành khẩn";""
聘;pìn;SÍNH;"mời; thăm hỏi; đính hôn; lấy chồng; xuất giá";""
蛇;shé;XÀ;"rắn; xà; con rắn";""
遛;liù;LƯU;"đi dạo; tản bộ; dạo bộ; đi bách bộ; dắt đi rong; dắt đi dạo (gia súc, chim cò)";""
尾;wěi;VĨ;"đuôi; cái đuôi; đoạn cuối; đoạn mút; phần đuôi; phần còn lại; công việc còn lại (ngoài phần chính); sao Vĩ (một chòm sao trong Nhị Thập Bát Tú)";""
秩;zhì;TRẬT;"trật tự; thứ tự; bổng lộc; cấp bậc (quan lại); mười năm";""
场;chǎng;TRƯỜNG;"chỗ; chợ; nơi; sâm; trường; sân đấu; sàn diễn; sân khấu; trường; từ trường; điện trường; bãi; trại; nông trại; trang trại; bế mạc; bắt đầu; kết thúc; khai mạc; quan trường; hiện trường (địa điểm hoặc phạm vi cụ thể); họ Trường";""
砸;zá;TẠP;"đánh; đập; nện; chấn; giã; đập vỡ; phá bỏ; phá vỡ; phá phách; hỏng; thất bại";""
陀;tuó;ĐÀ;"đồi; núi (không cao); hình xoáy; họ Đà";""
纵;zòng;TÚNG.TUNG;"dọc; chiều dọc; thẳng tắp; sâu (nhấn mạnh khoảng cách từ trước ra sau)";""
另;lìng;LÁNH;"ngoài; khác";""
央;yāng;ƯƠNG;"cầu khẩn; van xin; nài xin; tàn; tận; kết thúc";""
召;zhào;TRIỆU;"triệu; chùa (thường dùng làm tên đất); họ Triệu (họ của dân tộc Thái)";""
系;xì;HỆ;"hệ; hệ thống; khoa (trường học); hệ (địa lý); họ Hệ";""
逃;táo;ĐÀO;"trốn; trốn chạy; bỏ trốn; tháo chạy; lánh; trốn; trốn tránh; lẩn tránh; lánh; né";""
款;kuǎn;KHOẢN;"thành thực; thết đãi, đón tiếp; khoản mục";""
润;rùn;NHUẬN;"nhuần nhị; thấm ướt; lời, lãi";""
积;jī;TÍCH;"chứa chất, tích, dồn lại; tích (kết quả phép nhân)";""
辑;jí;TẬP;"ghép gỗ đóng xe; thu góp lại";""
类;lèi;LOẠI;"chủng loại, loài";""
兼;jiān;KIÊM;"hai lần; gấp đôi";""
拍;pāi;PHÁCH;"chụp ảnh; chụp hình; quay phim; đánh; vỗ; đập; phủi; vỗ cánh; vung cánh; sóng vỗ; đánh; phát; gửi (điện tín, điện báo); tâng bốc; nịnh nọt; bợ đít; nịnh bợ; bợ đỡ";""
屋;wū;ỐC;"nhà; phòng; buồng";""
宠;chǒng;SỦNG;"sủng ái; cưng chiều; nuông chiều; yêu quý";""
摧;cuī;TỒI;"bẻ gãy; phá vỡ; phá hoại; làm đứt";"tồi tàn"
岚;lán;LAM;"mây mù; sương mù";""
敲;qiāo;XAO;"gõ; khua; điểm; cốc";""
剪;jiǎn;TIỄN;"cắt; xén";""
督;dū;ĐỐC;"giám sát; giám đốc; chỉ huy";""
络;luò;LẠC;"xơ; vật có dạng lưới";"kinh lạc"
策;cè;SÁCH;"kế sách; mẹo; biện pháp";""
述;shù;THUẬT;"trình bày; kể lại; kể";""
震;zhèn;CHẤN;"chấn động; rung động; dao động";""
梯;tī;THÊ;"cái thang; cây thang";""
遭;zāo;TAO;"gặp; bị";""
佩;pèi;BỘI;"đeo";""
赖;lài;LẠI;"ỳ; ườn (biểu thị ở một vị trí không muốn rời khỏi)";""
罚;fá;PHẠT;"phạt; xử phạt";""
宾;bīn;TÂN;"khách; khách mời; khách trọ; du khách; người đến thăm";""
侦;zhēn;TRINH;"điều tra; dò xét; thám thính; do thám";""
绪;xù;TỰ;"đầu mối (tơ); mối";""
隔;gé;CÁCH;"ngăn; cách; ngăn cách; ngăn chặn; cách trở";""
憾;hàn;HÁM;"thất vọng; tiếc; đáng tiếc; không hài lòng; hối tiếc";""
踢;tī;THÍCH;"đá; sút (động tác chân)";""
幕;mù;MẠC;"bạt";""
愉;yú;DU;"vui vẻ; vui sướng; vui thích; thú vị";""
盗;dào;ĐẠO;"trộm; trộm đạo; trộm cắp; ăn cắp; ăn trộm";""
订;dìng;ĐÍNH;"lập; ký kết; đính ước; đính";""
盒;hé;HẠP;"hộp; cái hộp; cặp lồng";""
敏;mǐn;MẪN;"minh mẫn; nhanh nhạy; nhạy cảm";""
愚;yú;NGU;"ngu dốt; ngu đần; ngu; ngu ngốc; ngu muội";""
鼓;gǔ;CỔ;"trống; cái trống";""
摸;mō;MÔ;"mó; sờ; sờ mó; chạm; mân mê; xoa";""
傲;ào;NGẠO;"kiêu ngạo; khinh người; ngạo";""
辩;biàn;BIỆN;"cãi; biện luận; tranh luận; cãi lẽ; biện bạch; biện giải";""
损;sǔn;TỔN;"giảm";""
烈;liè;LIỆT;"cháy mạnh; dữ dội";""
淘;táo;ĐÀO;"vo; đãi";""
累;lěi;LŨY;"tích; tích luỹ; gom góp; tích tụ; chất đống";""
嫌;xián;HIỀM;"ghét; chê; không thích; chán ghét";""
袭;xí;TẬP;"làm theo; tiếp tục duy trì; rập theo khuôn sáo cũ";""
销;xiāo;TIÊU;"nung kim loại";""
胁;xié;HIẾP;"sườn";""
触;chù;XÚC;"tiếp xúc; đụng; chạm; va";""
牢;láo;LAO;"chuồng";""
拳;quán;QUYỀN;"nắm đấm; nắm tay";""
例;lì;LỆ;"ví dụ; thí dụ";""
款;kuǎn;KHOẢN;"chân thành; khẩn thiết";""
补;bǔ;BỔ;"bổ sung; bổ túc; bù; thêm; dự khuyết (số còn thiếu)";""
恭;gōng;CUNG;"thành kính; cung kính; kính cẩn; kính trọng; tôn kính";""
舒;shū;THƯ;"chậm rãi; thong thả; ung dung";""
素;sù;TỐ;"chay; rau dưa; đồ chay";""
挥;huī;HUY;"khua; khoa; vung; tung; múa; vẫy; huơ; xua";""
醉;zuì;TÚY;"say; say rượu";""
妇;fù;PHỤ;"phụ nữ; nữ; đàn bà; phụ";""
宣;xuān;TUYÊN;"truyền bá; thông báo";""
戒;jiè;GIỚI;"phòng bị; cảnh giác; dè chừng";""
糖;táng;ĐƯỜNG;"đường; chất đường";""
饼;bǐng;BÍNH;"bánh; cái bánh";""
摆;bǎi;BÀI;"đặt; bày; xếp đặt; bày biện; bố trí";""
搜;sōu;SƯU;"tìm; tìm tòi";""
隐;yǐn;ẨN;"ẩn núp; trốn; cất giấu";""
盘;pán;BÀN;"khay; mâm; đĩa to";""
临;lín;LÂM;"gần; giáp; đối diện; đứng trước";""
丸;wán;HOÀN;"viên (vật nhỏ vê tròn)";""
蒙;méng;MÔNG;"che; đậy; phủ; trùm";""
吻;wěn;VẪN;"hôn";""
康;kāng;KHANG;"khoẻ mạnh; mạnh khoẻ; lành mạnh";""
库;kù;KHỐ;"kho";""
秀;xiù;TÚ;"nở hoa; ra hoa; trổ bông (thường chỉ cây trồng, nông nghiệp)";""
慈;cí;TỪ;"hiền lành; hiền từ; nhân ái; tốt bụng; hiền";""
扔;rēng;NHƯNG;"ném; đẩy; quăng; vứt";""
委;wěi;UỶ;"phó thác; giao cho; phái; cử (cho ai làm việc gì)";"uỷ"
酷;kù;KHỐC;"ngầu; tuyệt";""
诞;dàn;ĐẢN;"sinh ra; ra đời";""
踪;zōng;TUNG;"dấu chân; tung tích; vết chân; vết tích; dấu tích";""
残;cán;TÀN;"thiếu; khiếm khuyết; tàn; phế; tàn ác; hung ác; dữ; hung dữ; thừa; cuối; sắp hết";""
镇;zhèn;TRẤN;"ép; đè; nén (xuống); trấn tĩnh; giữ cho yên; giữ bình tĩnh; trấn; trấn thủ; trấn giữ; kìm; nén; kiềm chế; khống chế; trấn áp; ướp lạnh; làm lạnh";""
麟;lín;LÂN;"kỳ lân";""
